username,community
lorenzoabim,
fndnrz,
muchlizdarma1,
ikbarsinaga999,17.0
rahmadsejati,
meilanidoodling,
andianq,
thoniluthfi,
alimunirss,
tahu.balado05,
rimahanidar,
airfaanin,
myjiin_nuna,
io9713,16.0
empathmommy,
halshalz,
dudiramdani,
ins77_80,
afrizaljijay,
lenirahardja,12.0
yunet425,
denisarimbi06,2.0
susiloturjoyo,
mika.sa5002,
nky.338,
auliaarezki,
agnes_antam_minigold,
mhmdosmm,
aabunyamin,
alimasykur__,
rakyadjelata,
plutonioneon,3.0
enia130901,3.0
nasrunart77,
pu666uh,
rizky_wy,
brez84,
bungalawang22,
ardii_lukman,16.0
sarden.ina,16.0
vandra_imanda,
rkrahmansyahr,
muradmemetic,
thdytt_t,
i.m.reys,12.0
ayuuandriani_,
bang.dondo97,
aryaaa.gn,
borusitoruspanenauli,
_zamzamiali,
rahayuindah_,18.0
wongtani_padi,18.0
mahendraprks,
diah.ummu.s,
eyesmaul,12.0
wisnu7331,
indahpontoh__,
yehezkielde12,
nugieramadhan97,
muhammadabdul_rosyid,
roroenam,
gracejoline97,
nyongalfian,
trianto_nugroho,
roy_mono1010,
baelah.uus,
liana_pertiwi01,
puza_ad,
jr_bronto,
aflahj,
tonisuckseed,
atmaja_oka28,
melaniera12,
klinik.pupukracikan,
cacakpraspicisan,
stev.iji,
sastramiguna,
alineandari,
farizdesta,
berkegiatan,19.0
wirassan,19.0
syah_ram,
hafidh.dwi.w,
hyounea711,
syakurhilmy_,16.0
muhammadkholili30,
rngyudho,
tsyahrulramadhan_,
choirull_huda,
yogis.jpg,
uktazzy,
ilzamuddin_,
virdhaarguna,
zidnymubarokc,
dessyamaya,
anagirl20101993,
ardnsyah.yusuf,
suhartini2759,
onlyonemuli_,
agusmudidani,
bli_bagus777,
panther.2921785,
ardianirwan__,
aisavah2025,
neversaydie28_,
tokoh_fiksi_buatan_yaduhi,
traw__young,
fikriadhiez,
mazid_art,
akbararfandi,
proxima_centaury99,
imammtech,
aldimac,
hastutyhan,
ritchme.narendra,
kentakyw,
galang45xx,
emaskoko168,
oodozt,
sheina.ayumi,
bchtakos,
kidaisme,
susantoagus0310,
novacm,
wafdhu,
rcrdcndrs,
faisoljack77,
trotski.zakharov,
prastyoisme,
popado50,
mmarselllll_,
akbrfrm,
bearmarley420,
diianauliia15,
wagyu.giaaaa,
rifkiimenn,
netizen_one_piece,
aziz_ibnu_abdillah,
steevenn.w,
riosuwandi9541,
linda16662,
delimsdela,
aseannefemelia,
aan____07,
10.alpha_,
syahrilim,
luthfiindana,
dhori299,
spftms__,
_livemoremagic,
pitetoee,
_scribble.scrabble_,
dahliakatya,
ediikogitusih,
rob_basquiat,
mustikawruh91,
omant_17,
nfranico92,
rizkylestaluhu20,
samz_rizi,
helinpurba,
fzlvfth,
haryono_42,
bangsatriyabersahaja,
artyelrish,
masgunvlog28,
gersky_,
cessna.otp,
topix999,
tafsinbintangd_,
daniwirdani,
sefi.4,
prambudidarsono94,
joonkeeler,
infobolla,
opoiki_we,
dandy00s,
anakbatak_ke3,
rizal_mustaim,
aldihrdnsyah_,
susi.ivvaty,
upoy_ahmed,
dsyafi.r.a,
rishsugondo,
jowo.bioso,
erikazuma,
t_o_m_m_y_darmawan,
risnaprdn,
zerovoid_,
arif_pinn,
aryayraaa,
first_wijaya,
im_firmansyah,
lascellamirella,
fren_fc,
eko_purnomo1984,
wirandidc,
evantgarde_,
malskam_,
charcoal1470,
mansyardin5,
fahri_dz,
yantokuzo,
estetika_31,
nonowarjono05,
yugamsnd,
mrsamang,
snowyyy__14,
gilangwfathoni,
aaa.alwin,
rumgart,
rarpksh,
radnaffila,
satria_lkmantr,
kaagung,
reef_rif,
kanzen212,
suci.blesta,
daing.syam,
edo.francisco129,
gina_ummah,
lizky.balkel08,
andr.bmntr_,
meilanisanurul,
adhelridhof,
heru_aljabbar,
_aschrtm,
ummifauziyahjm,
dwijayanti.k,
rafaelzahiraa,
antariqzaa,
iritmangada,
ypmsoiman,
ro_britaya,
wvictorym,
rafelly_,
fris_zadani,
mjessc,
ogeksubhan,
ifziw.here,
ikhsankrniawan,
ffaandy,
__andihermawan__,
way_of_fitho,
risma.safitri,
renojak36,
budjel,
krisreinhard,
thomaswilliamb,
julio_sesco,
dr.putrabagaskara_i,
genjonksuherman,
sam_atalla,
adityarori,
anugrahgustiantost,
rmdhn_apr,
yoo_nidaa,
nusantara_lisensi,
3km.rumohkupi,
fakhrudinaxel,
matheussumarno,
nhadi_lpasau,
phiafira,
fauzanihanifanshori_,
vii_ardhana,
karuna_cc,
prasetyo_e.b,
she_diq9185207,
rizalddiii,
yunnindra,
aryananda.kemedi,
muftifrds,
wanto81439,
khafranch,
marinibmul,
jantu_sukma,
endah.menique,
dearns.27,
ahendrasukmawan,
hi_mmamad,
megasilviiia,
sitinurulfalahsansuardi,
xfitris,
gilangsukmasetiadi,
eorl_akorla,
fly_piter,
kennara_khosim,
muh_edwincho,
budisubejo,
davidsonkarokaro,
hasan_abiemanyu,
al_asqalanii,
temple.of.joy,
ibrahimiqbalp.s,
mamat63067,
slickwillthirteen,
rifsetiawans,
aridoabapa,
patox_concept,
ridwanmhrdi,
delvinurdiar,
adiprasanto_,
thekalarindumusic,
em_alya_nad,
ahmdsyfii_72,
rajaacide,
art_in_love,
elizasyam8_,
andry.blackdeer,
rara_dwi_ika_sari,
masobeth,
dyahindriani.s,
umiiimarifah,
randys_sp,
charnalian,
dandirusli,
n.fajria8,
heru_zacky,
mafazkohl,
nayl_46,
totok_rubiyanto,
anniesusilowati09,
bona_adventura,
siti_rustini0,
sem4kindidevan,
yudha_setiadi,
andrehdt_,
stuc.ano,
che.neul,
suban_choi2908,
nurul_chusna_andrea_tsalis,
ian.mn15,
raharatrengginas,
malik.siz,
yantingabito6,
lucia.hera,
sinyopramudita,
damarkurrnia,
ineekkkaddsad,
sellyaskyah,
rika_julianti21,
sagitaaenyy66,
singkongumbi008,
fabillaanna,
kanaraarsy,
daffi.azhari,2.0
maryanama33,
anasyagit,
rida.hera,
reyfanaml,
asnia_nanta,2.0
arif_alamsyah06,
zeolarg,
marcusandnn,
eastboy34,
anti.karisna,2.0
wirataahhyad,
ziarinala,
maya_kolinda,
selviadindda,
fatiranaya,
sassylana8,
fellinasha,
llumi10696,
alfian_dky,
ancakgunawan,
erikanugrawindi,
umaizzaty,
seruas_sendu,
anugerah_ap,
permadii.__,
dianretno65,
meldasindya,
fahudik,
ervinadifitri,2.0
ditaalmira89,
waypamungkas_,
geanita.amina23,
ernasetyani747,
revianasta7,2.0
enisariee,
himawari_hana7,2.0
lisa.amina122023,
srika.yatun,
dirameirina,
liviaviana2104,
dindasafira138,2.0
buka_resleting_,
din_stagram,
zzkyh,
zackarckerman,2.0
miyaaaloiiia,2.0
ikonarendra,2.0
laurabbgaadd,2.0
faiza_azah,2.0
kun_toarya,2.0
meisiashh,2.0
mawaariiuadd,2.0
mitadewanti5,2.0
senoa_jj,2.0
puttinurma,2.0
kinan.ataya,2.0
antorubiyanto396,2.0
king8rabb8,
ketua_psms,12.0
cucusolihatt,
wanmil27,
howsayni_,
titisulis06,
dheonn,
syh07_mt,
winarsarudju,
fiqi.shafar,
hiiissyy,
wati.silalahi,
khapixel.97,
ilhambyhq,
roma_makaro_sitepu,
tuti.mahiroh,
dn.ini,
bob_budiarto,
ari_rigai,
faaaaassp,
_ae.bagindoo,
yeti7963,
love.yourself0105,
mulyadid374,
andreaseliassiahaan,
mvenim,
subhanfathah,
putryhi3,
birur_uby,
aryasteti,
gad_1528,
tjewlie,
paulnovella,
merah.memudar,
kaito_intofi,
syed_najieb,
gery_angelid,
alfredgtbn,
ardyansahabduhu,
ichuslucky,
yuanitagayatri,20.0
bkein7,
haf_sah_ts,
aenifebria,
zoelfaandi,
arum_momochi,
sindulee,
virgozal_,
safwanhondapuri,
andychaniago19,
__mursito,
ezra_richard,
sakamoskana,
tomtom0992,
hijiraaa.w,
xlemanzupx,
tika_ry,
jonijn_,22.0
junaeloo3,
indragnwn330,
lampubumi,
sekarlangittttt,
fwulan_10,
dedyirawan1989,
dwanharun,24.0
amiril_mu,
rizki.azr,
rubbyrhoma,
wahyu_rajin_menabung_,22.0
goelabakingstudio,
jaytiem,
kas_riati,
bagastia_hekas,22.0
baiq._wati,22.0
yahginiamat,
deddy.gondrong.3910,22.0
yupipinky18,
gowther06,
erik_tiono_0293,
alyssabchairati,
ranisrina,
retoucherjakarta,
reshajr,
faila_kurnia,23.0
haechanfg,
deeroo.co,
nabillbul,
siabay,
shofiyahabidaheshal,
ryapattiruhu,
zulmiulfa,
daradatu,
anggianr,
harsa13,
_bayurizkiawan,
axcels07,
armando_hendrawan,
ilyasadera2,
taklukandunia,
deni_al.izdihaar,
ticoaryady,
xplore.all,
alkmardz,24.0
lalalaamma,
heri_sukatmii,22.0
acikaldi._,
new.heaven____,
anshorfauzan,
muhammadhisyamali,
idayu.47,
mir.dris,
achmads212,
rizzaxyz,
handcraft_bundiy,25.0
aadamchesar,25.0
tikodes,
xy_lsn08,
dans_siltorxviii,
tamy.apreall,2.0
toko_alhidayah,
zefannya2025,
ir_wily,
jvshua.bnahor,
bell.argo,
randomthought__ftrsn,
nadia_jannahriver,
tino.fadjri,
irha36209,
rahma_adjikinasih,
maulana_akbar0699,
meirinashlic,5.0
rizky.erfinder,
yantizieyah,
nadhisalsaa,26.0
fuji_pratiwiaff,
sivaristantiya,
guardiian_angel,
makruf3170,
joniesmood1984,
hi_yyoyoo,
myzonnebloem,
farrasnaufalm,
jjorrddd,
perrystomp,
chixgu,
a.fidaaa__,
keriz21_,
adhikaps,
shohilely,
incrediblebamz,
agamhendi,
dewan_perwakilan_netizen_ri,12.0
if_yukiza,
moniagask,
rinasaini,
santiagitaw,
mfikrialan,
dirhamns33,
pangkypopster,
pairmankomik,
bungfahmiali,12.0
yhan_doe,
cv_diandra,
himmahaliya,
elyrohma,
dhonykurniawan,
peter.awang,
endang.dopit,
ariibowooo,
betson_me,
nrl.nzy,
mochalatte.upi,
cinema_n1ght,
27renny,
febry_arie,
thufailll,
a.h.wafa_17,
dok.riri,
firmana.wardani,
isenjaa_,
gerrlax,
karunasankara01,
matakupingcomm,
sutarno_car_linggau_bisa_84,
fazri_ponosutan31,
marindasari,
nurseto__,
deryan_arya,
shokhiaufal,
tgk_ricky.a,
donal79,28.0
diyaresta,
thebadboyblues,
heldums,27.0
ysfibra,
susi_1778,
sonnydharmawan1707,27.0
septian.purnama,
eyuhelfita,
praharja.bangga,
lia_acut,
budiwarso,
codone.s,
hayati.ilma,
drop_shiiitttttt,
nvioletas,
mutiarardew,
alimahmudi_10,
nabill_rayyan,
fadciks,
aryandra_sagara,
randuuuuuuuu,
mustangid.mustangid,
wantose_,
yogirarala,
lilysuzernita,
rangga.tamapratama,
rezhafn_,
yeti_nurmayati,
sarkasinwakanda,
handarwulan,
johanchipsncomro,
meryoktaavia,
citra_anindita_arum,
soniadrewbelle,
yan.4303,
vonymelian,
imrongiant20,28.0
deviedwar10,
yaya_twa,
fhmilham,20.0
muhammadkahfi___,20.0
1.917s,
husnahardiana,29.0
jamalmecca,
franzoro26,29.0
kygovel,
megadirga,
bagusradhitya,
zulkifli_deano_nico,
bennydsp,30.0
yuliaew,
xtrememerch,
agungyuliyantonugroho,
mika.mikuku,
desi_ambarwati1,
ratihnamaku,
dendy.herawan,
hendra_rachmatullah,
muri.muhajir,
rahman_popart,
sofyan__wijaya,
p_al25,
herii_kurniawan,
gritiesseven,
elanofiqri,
rsnaaamd,
niaskbmm,
kangmas_anjay,
liztha_ikanduyung,
hatta_elmakoalloe,
ascornion,
loeloe2607,
jessy_humirtap,15.0
zee.azizahhh,
c.rob.ad.wi,
hengkiheng98,15.0
zulhammuchtar,15.0
aienditfc,15.0
rubennebur05,
arthursien,
jibriaratna,15.0
ranggaprimadasa,4.0
dinatauhida,4.0
priska_simanungkalit,
inimaszen,
yttagusfirmansyah,5.0
aammansor,
vetynathasandra,
bintorosetya,2.0
bung.manullang,
berry.bidar,
ypc_786,
sweetmiracle.tmi,
syarifudinhidayat91,
romi_nuril,
yadimulayadi234,
dhie.diaty,
andreazadhi,
lafathna,
idakristagram,31.0
nnazizah_15,
tsunderearmy,
rizalbojesz,31.0
peterfrederek_inst,
saiiaittuanna,
slatjenny,15.0
andriawanarif24,15.0
asepgunawan7194,
marioaian,15.0
mhailartt,
choirulachmadrifai_inst,
yoursbagslovers,
syams1991,
rahmafadilah18,
smaesa__rr,
azizah_arf,
andikabc,
arimauu,
yoshua_gultom,
labibul_aqil,
bergerakfor,
awahyudiiii,15.0
firdaus_93__,
naymutiaraff,
imanalig_,
ririsgalerifotografi,
wie.46,12.0
roywicaksono,20.0
berkahmandiri99,
tatia_hst,
m_arif0909,
homeritin10,
shobur_kurniawan1819_official,
santai_siswo,
zzuzuuzuu,
ifta_ita,
deddyrusmadi,
jokiinaja_skripsimu,
setyadonanew,
wadik_indonesia,
jumana_hakimuddin,
rrstmsn,
deriwilandi,
alfindhw,
wahyu_binusman,
sindipraptonoputri,
faizbacangocid,
rizkipadilahhh,
denelwans8,
raikasyaliana,
fham_rvp,
masadbashay,
romobekel224,
febriliana93,
asharr_30,
hanmunology,
byakuski,
keboo.o_o,
mirzalapriliando,
prakas_mu,
poncohandriyo,
ffiela,
ironhide.088,
xslendro,
makkarumpa0284,
achmujaeni,
adriannss,
learner.991,
njoshsandy,
arisetia_pra,
ayaheghazi,
noniasih06,
ayattt_hidayat,
stefanus_brilliant,
teguh_taufik_fathurohman93,
rifaim3104,
alalicaa,
ikbalmuhammad796,
dwi.heru,
m.sdrmn,
galuh.pamungkas,
arvanpradiansyah,
novrinbx,
adle_ali85,
rvnasxce,
umma.hana3,
nurulvthriea,
muludi8525,
feardiant,
niellasariie,
guns_1422,
muallifmasyhur1,
anto_purwa1985,
rangga_p,
arya_kelana7,
zainzudionce,
putratukan2024,
kristiawan_005,
rfajjar_24,
an_gallery.id,
iin.v.indrayati,
rinnyuntu,
merri_daffa1503,
puupuuto,
_7hs_n,
hanamichiarfn,
haerul.huda.1460,
andiniclaudita,
tjakra911,
ondonk_rustam,
laronlombok,
sophia_indah,
vikramaizi_,
mhdnazmii._,
xxtendean,
nanasurya27,
muhammadhusnulha,
kun_pindarsih,
calll_me_nda,
tatirahmawati2,
notikanoviyana,
s.bintang.p,
n_khsanh,
sasasoniasasa,
dirgakumbara,
ibiaa__,
jfbastian12,
dianaekaputri5,
nekoyaabigfam___,
rita_revita,
rodiatan_mardiah,
muhamadluthfikhoerudin,
rapliansyah0,
cahy.oo89,
imkzsma,
nanny_san1011,
ranipfahmi,
haedar_yusuf_hadi,
herietebe,
muhammadsona313_,
item_pekat,
hanifdanumma,
yani_budiasih,
ifakalidin,
silvyandn,
fuji.lestariiii,
tiramissu__02,
jeng.ise.3,
delfivn,
edisonedmayo,
_azisfrmnsyh,
roisulakbar,
alqolam_edu,
mas_kentanggg,
dannisdarwin_,
johansihotang,
fikifernando1,
deniiskandaar,
binharnis,
osazekitchen,
rainaldi,
jalaludin1693,
kamalabduh,
ruben.n.b.1,
frezaokta,
radityadinal,
priyadi_property,
inspirasiwaktusantai,
heepdjyan,
agusgimnastiar_,
umaybois12,
mazemicho_z08,
adamthayibgmailcom,
langitbiroe92,
sidiqrmd,
zakiah_afiqoh,
ravycoreza,
rioramadany__,
januarbudiharto,
abdiiafrii,
hendrea_tan,
dedyismiyandi,
aivbrederode,
nasi_campur92,
ajijaelanii12,
rskt_dw,
richofernandes,
dianrasyid16,
ikhyfernando,
audreyqshop,
siddik_hs,
aapnf_30,
heidysugandhi.s.kom,
alfarez_n,
lurianto,
triana.hstiyls,
man_vidaview_apartments,2.0
mariyo_faisal,
akubukandia__,
pram26_,
afrijal.jamal,
ledyanisipahutarlppim,
pujiprayogo1981,
brmntioo,
belinaandra,
blackstone054,
panjangumur.orangbaik,
dhita_sela_,
theodoranat,
dodiet.wp,
v.apriela,
tin.mbele,
misi_wy3,
nwfalarrafif,
adamwsn6,
siapainiayo,
ymkt_92,
solus.pka,
pra.tamaan,
ilham_aged,
harucil.rahmadani22,
jaarfajar,
gghamara,
adis.only85,
klisin_06,
widjajasulis,
mahanna_wedding_partner,
hidupanakrantau_,
aryaa.w_p,
enjatilmy,
iqbaal144,
ishqzen,
oryzaayup,
yy_____hdn,
iamfarul,
selviaandiny,
raysaacyrra,
fitriana_vie,
nur_bayu_123,
heni_hennug,
e.resdana,
hey_dims17,
ratmini8035,
azharannasnasution,
masadiputra_,
oemarjeii,
kennysastro,
suriantipagalla,
iwantyouwan_,
dihardjo7,
fahr124l,
theobhlva,
abaadnantea,
hanny_quin86,
mochamadfarisyasin,
moh_gazalie,
dumpacc4512,
imam_al_safii,
triaspyrenia_iyaz,
dhuwananx,
zainanpasaribu,
evayosianaprasetyo_,
munandharis_,
ahmad_sauqy11,
m.i.z_,
abdulrzk24_,
loleeahmad69,
drg.emydasiregar_sp.ort,
_muhnasrullah,
ikbalramon_,
myoilsist,
tarno_yah,
riswandi_2307,
ripkiiy,
denilsonmagno22,
mutiarakardiman,
oneyfaizal50,
mat.man89,
rheinhardmo,
hamam_m85,
kongco70,
roamerant,
tryanggara23,
edbilly29,
alaina_dandelion,
jessica__floren,20.0
_aboed_,
addhit_ya,
syarifluqman_,
hendiper16,
la_arper,
cutrisanurzinahfonna,
akang_cutter,
hi.dikistwn,
trionosoleh,
yunikahandayani_,
lutfi_qbunxs07,
elavin84,
ricko.firnandes,
rauliheriana,
age_sn,
simbolon.mawardi,
setiyawan_hehe,
ranger.biru,
aldo_adv,32.0
ra_hayu5923,
rutiah66,
ibrohim_qodri_soleh,
tria.58,
exvas128,
dayatoemar,
riel_mf,
rangga_yuda,
mommy.saeida,
bang_alidin,
mymekum,
khabib_khusaeri,
herieaje,
elhchan318,
givemeyourbloods,
dinasti.andrian,
mulya_gaza07,
insomnia__mcmxcv__,12.0
rozzzakahfi,
herywahyu24,
dewiayuasarii,
alextrisno,
eliyah9421,
bang._naga,
luny_ahmad,
helmasaa8,
mpokrohmeh,
go.ghostman,
ikainhere,
ummu_zhafran1119,
dwi0825_10,
nururrf_,
akhmadsihab16,
nasr_en.as,
eka_prasss,
davin_muhammad_arsyad,
zacky170785,
ajuanpram,
ramlan_yudhoyono11,
nadaquth,
sabira_caitlee,
dikypra_,
andrapratomo,
raint1990,
zamzam971,
atep_chambek,
zaldihawadri,
rham.md,
vi.scorp_photography,
ridone607,
teguhpra2008,
moelyadhiejambi,
mysrl_17,
alfina_fina22,
yanie5415,
jasa_suretybond,
popicetaroo.12,
rakhmat_busthomi,
logansprm,
ayankyenky,
norbet_pali,
frenta_sinaga,
roeliah_saipudin,
dick_doank46,
aaulia.sy,
oyek.77,
ali.maksumm,
harry_silampari,
melati.cake_plg,
alistair__cirebon,
ekhyalfatih,
fatma.fatmawati_4523,
albaihakikn,
miyakaimu12,
ersta_hamzah,
ridwan_tanu,
vrylada,
khldrsmnaa,
ichsanrchmn,
justsmileee.1,
dedhik.setyawan,
youcanseemesaewae,
kedai_werkudoro,
andromiki,
hsdena94,
hariselrahman,
muliadi_al_binli,
zahroatun_nisa,
ryansopian54,
dedyrusdianto.f,
syah_andrian,
bendhutabarat,
hr_sntt,
vherman.m,
apoy._.03,
tesseract_dimensions,
21s.time,
taan_009,
andy_arfian,
andi_gregor,
pasbon07,
cheryz_anissa,
atunglav,
irmakusmiatiiii,
om.el_,
pagar.lubis,
dlrwrnc,
ganeo43,
safriwaniwan,
linda.mk.16,
arisdwi2124,
ariefwick,
bptsry,
hestikoesno,
indahnyakotapekanbaru,2.0
bintangyola,
li.liaa23,
denny_set90,
siezraa7,
ommacici,
liana6649,
pembangkang_62,
dyraandrila,
22risk_,5.0
xazysfvckysalx,
revivewithpure,
tony_hardianto_02,
egiedouce,
yuyunsupriatin5,
hi_efendi,
suryadi.yudi,
idjinyasa,
duhkukx,
sari_nakety_lubuk,
amiet_14,
akhmadgunadijanis,
rudi_hamsyah,
rizkiiamalia_,
irhamello,
iwanswanddi,
deldyandryson,
satifa_ory,
mas_tansul,
jantishawa,
162setiabudi,
rimaputtri,
zaki.ziki.1,
ayahlulu,
doongki_,
pscoboy038,
nurasrimaulida,
gusmahardika,
boy_k007,
kesiwidh,
backpackerak22,
jokitugas_fasterr,
liwasugriwa,
raflimuhammad_626,
mamasulaimanapasaribu,
chindyelath98,
didin.jk,
mayarenya,
ahmdmukmal,
tiket_konser123,
lekatompessylaady,
yosakbar,
jamal_ken99,
anggachairudin,
dewi_saja,
tini_damy,
monitsitanggang,
jxxnydna_,
fajarhm__,
yusibastiaenen,
dewiling2884,
syahfwan.f,
haruto_akira6721,30.0
wawansetiawan5797,
koalisigaruda062,
windyndoty,
irzanrisaldi,
rardiansp,
epinferi,
fadlyngraha_,
meliaapr,
miftahul2414,
broerjoe_official,
fleurfn,
trinoferiyanto,
nurrahman746,
ana.lutfi,
tikameylia,
tami95s,
afidahafidah,
kimfransisco,
rivroh,
danikrisnamurti,
aisyahhfd,
intan_hamiz,
faronando9,
ismeliadewi,
anisauty_,
yeyenisme_,
rizkyj_21,
pgeorgous_96,
war__diman,
leeyoung695,
achmadkhoiriiiiii,
dannndi_,
salome_rk_4065,
slamet_papaslam,
septian_bayu_mantovani,
m.aridhie,
wirda.nengsi_,
palestin3_iaminlove,
berry_thejenggots,
upil_iblis,
mafrizalandre270_,
arpendrik,
fery_alfiansyah10,
juli.4nto,
ferryphys,
akbaral___,
tania_thechihuahua,
ini_tetapimam,
suherpurwocoroko,
gardaarda,
arayyl,
ramaliaadp,
itsmegigitanh,
vian_osd,33.0
dewalautaru,33.0
nilamd_,
arkanasis_,
zaynidrus_,
reihan.xi,
rdwnsam,
aindra.ir,
cintyashofinabila,
putriwhdtns,
nugraha.tara,
tentaciont_,
fannsky_22,
canserabbas,
dhinatax,
dwi_kurniawan81,
bungabulanm,
dhanirossa,
adam_jho,
its.demoy,
satriagungl,
imar.sss,
mandakambong,
imperfectzy_23,
ekabudisuprastio,
loparestia26,
abu_ghazwan,
huta.barat1280,
ichalubis9,
adigunawanutama,
abduhalimw,
ryna_uthe159,
kevin_wikarsa,
rian_edogawa,
ansyaharaya,
aryabrahmanantaw,
halamankota,
bunnymoonlights,
fahria.zxcc,5.0
_almqst,
riananapertiwi,
anggisgtmln,
weldansyah,
okk_knpi_kutim,
_hafizakhan,
yuliagrn,34.0
endaahh_11,34.0
andi_m_awal,2.0
romanrefi,
dicki_nabil,
ariesboriz,5.0
yuzway57,
muljanes,
floflorav,15.0
fachrezynr,
dickyfebianto,
fiddaa_pkl,
uliroulisim,
omansasuke,
sari_agustanti,
ridbrawij,
bdimandn,
muhammadfadllh,
husnurachmad,
indrocaztello,
lia_n2l,
arie.s_mufc,
astriaprn,
mutikhadijah_,
vembyoctora,35.0
nmitantika,35.0
dirgantaraapp,
muhammadrahmatr,
dmaulana576,
suparno_95,
dennybigboy,36.0
endar.82,
eka_fath,36.0
andikomposa,
octarinalolly,
sbastian_soni89,
dean_73.76,
ambyare_,
_ardsanwo,
sipalingmoni,
itanovani,
annisaafrianti,
indowijigrosir,
kidalism,
prasetyo_emilarie,5.0
nasution.arsyad2003,
jusufkr,
oya_ht,
gegymiola,
indrayunandaa,
riolimang,
almadinatulfadli,
saefulbahri1716,
alihusnimubarok,
fakta7pedia,
dahliamastori,
yuayu48,
adibenjoalhamdulillah,
lukman_sobari,
chitoezz,
perjalanancim_,
andriwaseso,
rizkafauziahrr,
distiafajar,
marischa_mujahidah,
cumivegha,
lilchangie_,
_zackyya_,
uwi_frozen_food,
afroni_yusri,
denzelbka,
achmad_heri01,
elfadhs,
yudiawatisetiawan,
12cloth.co,
zakia.zaraa,
rachmawatieermaa,
flaviaflorentina,
jetsabith,
op_anane_84,
rizkhy_nyonk,
khaerul_skn,
husnamadiri,
mylovelypinkkeu,
sahabatgowesiantar,2.0
sriandoko_,
ongex_,
opii_26,
dimas_jehh,
skdozya,
gussugus96,
enteresc3,
rry.mrc,
arief_mainvideo,
hannyharsonoilham,
alfianadew,
cecefind,
ydhstrs,
noor_part_86,
hardymasri,
agung_rudes,
shofia_rokhmah,
budhy.dhi,
lilisasihati,
kino.or,
bjoeyyyy,
tommyna70,
chandra15xx,
ariefdc14,
auliawahyuni,
onzehistories,
holil6347,
le_adi_,
citracamila,
_gdaditya,
astrid.zein,
kaivan_sugema,
rviardnn,
fariidftw,
hamzah_aljunayd,
abyslhh,
rikanarr,
rmbirtaaaaa,
an.am6631,
ahyan_ikhwan,
alvinavinavx,
justzahrass,
akmals.10,
kiky_stwn,
rizki2081,
yuant_88,
matamaputra,
searchfordaffa,
marzalrakhmadi,
tieno.0,
alim_jha,
nagimai,
nenk_lienlin,
heberthuang1911,
rivaldi_pulungan,
wiwittrichahyani,
bintangastari320,
arif.almsyh__,
fhsnydh,
anggerm,
gilganovskiy,
komarsoleh7,
abe58215,
much.hartanto,
fffef_fy,
erwinpati88,
arifsetiawan6520,
yohannes_sibagariang,
hernigulo,
ganiya_galery,
rosipratiwi2706,
ani_lestari77,
haris_prayudhi,
fluoxetine.sun,
rocco_sunblue,
shintakahoa,
syahputra17_,
endizulyanata,
ahmadfalda,
rudin_dn,
solehudin_00,
irwanariansah1928,
dheadhunters,
warno_jaya,
hrlmbng_bgs26,
hitalesmana,
syah_1986,
dkyindrwn_,
wisamfahry,
aiwul,
emily_k_rina,
a.stoic03,
agusantosa52_,
dahliamidi,
jennn07_,
aarkhemochamadalghani,
bobybob212,
mitaqudqys,
arifinsiregar670,
ntrie_3mom,
ansrhdyn03,5.0
ikomtanjung,
dirgafahbi,
imron_mirondary,
royhan_oyan,
_capberuangasli,
bayibebek34,
i_wenkkk,
urredcherry,12.0
stevhiya,
ikandori95,
mas_err25,
mlkrjal,
fff_zxzy,
satria_nusantara02,
donifirnando,
mas.moes,
retnoeambarsari,
temanmatik,
iamumaar,
nicolassibarani,
_azhr.ari,
arifin_pjk,
changcutquuuu,
vrendiajja,
hikmahzo,
siaoce_15,
chindi1727,
neila.nikma,
santytravnick,
lennn_off,
ozzy_dokterlampu_indonesia,
restiffauziah_,
petrolheadidn,
zaa4.you26,
riaekasyafitri,
sansanonymous23,
ferychaz,
ra_chalvaro,
tolhassiregar,
azhar_bintang_muhammad,
joshku83,
qwertyasn.ac,
siti.masithaa,
ayangkeidi,
nasverite,
vinsi_dharma87,
iceusoviati,
viekeyz,
nanimogot,
ediewu83,
naira_syaquila,
wiiinnnnn_____,
abduroo7,
moelyadhie89,
zietobar10,
afriliavthree,
febreschia,
muhammad_syafii82,
dienlala1987,
aeztrishavaniabi,2.0
mamsa_90,
pujakesuma_adi,
sjifasalsabila,
fadjarwinastiono,
suavenit,
irmaningsih13,
juhana7581,
rnuzulla,
aliyah12119,
eskimmatcha_,
a_musyaddat,
ariefa_khaira_azmi_,
abduliqram31,
m.ayyubii,
ina.alkatiri,
adirahbimandaru,
laode_hasadi,
tomi.yk,
hr___21,
akizztafarie,
tonikristriadi,
_guduncle_,
r.tanuwijaya,
tirexmadep,30.0
nyari.lucu,
chairuldamalio,
arilalexandria,
rizkiulfa.r,
fauzanraif_,
danilpebri,
syamsia_satra11,
ds_soerjana11,
sultan_sudirman17,
takbiransyawm,
iwandlone,
andikaawhydi,
puji.sukamto.p,
bramasgar24,
bung_geo,
fajarsofari,
nurika.d,
rifaia715,
emhamaulana,
adv_2104,
jollyroger45_,
asyaarrr_,
ranifarinda,
andenkleonista,
annidaunnatiqulya,
aldhofernandoo,
lutfi.ng,
akunkosong.a,
taslimsngdji_,
ichsanalamsyah_0,
rizalalviero95,
hisman_rishanudin,
nurulfyu,
almuqtataf,
diah_bardiah,
stesyah996,
arie_subroto,
carlotavargine,
hendrowijoyo123,
agrabemsstr,
yoki.ar,
nuhlanlah,
partonosenyoto,
sadonely,
gresyoseph,
huzairiach,
joeogahan,
daniel.marda47,
enuraisyah14,
agungpurnomo0511,
adhinewgraha,
wahyu.candra,
djumadipartosemito,
ajisyahputra189,
ignatiusgilangpribadi1887,
jobro4336,
anna_ch3016,
roynpandiangan,
rafly.wibowo240101,6.0
fredy_rustamuna,
sewa_alat_fitnes,
iwantoro9032,
nyantai_orangnya,
yusron_azikin,
franzkaput,
zeinedebali,2.0
graciano_gio,
riyanjml,
ruditoding_allo,
adniekalarsi,
ademiiko,
cintiautami,
irtizaqdalahmas,
achmad.rehansyah.1,15.0
jpd.polo,
suroyanarif,
aminudln,
abdullah_binabbas,
saridona28,
ben_levinous,
desyayuns,
syahdurreibtisam,
ferryygood,
eijazosam,
desyadwi,
budy_thea,
farielriz,37.0
mohamadbagas_s,37.0
abdunnajah,
yulia77mustika,
fiqih_nr,
zackyzulfikar__,
anggawijayasastra,
ristitianggraini,
endricaardeliaa,
yuli03_,
minnesallyjuva,
selvygusye,
sholah_raseed,
gar.field_napoleon,
herriyantoe,
mabelindra,
kaimsasiku,
f_rizal01,
andinidm,
edwarff,
jagorisol,
salsabyla.25,
yangbersangkutan1,
rakyat.intelektual,
raishaprimadani,
cdewi11,
olie_august85,
claruzalejandro,
africanadi_,
rio_brams,
farhankudosan,
moreno147__,
niprh26,
shaputro__,
kebabbocil,
aldiasakna,
marym.sh.87,
b.i.gpapa_01,
r_rahayu98,
lisanul_arab,
irawan.iwan.71868,
nida_hidayah,
romie_229,
nuzuliea,
ri.dhoahmad,
ilham_rompis,
boesetyawan,
zaaa.raa,
gabrielladeey,
abiseka179,
twntyoneplots3,
ferlyferial,
teukurizkir,
hasimashari33,
hanz_1983,
andirudi.13,
pputrisaridewi,
muhaammadhelmy,
80_putripratiwi,
gasmi_nganjuk.official,
alee_mhmmd,
bernadethaadriana,
samroenisme,
mulia_793,
toni_arka,
gresyel,
hardiantoab_official,
vikievendri_official,
rasdi_muchtar,
firnamaulia,
yulianwaniati,
ambolajamirna,
djasoeni,
ganjar_inst,
veni_daventi,
jalaludin639,
pudjasu,
sahidayatt,
lutfi.yanto.5,
tubagusyusup_,
ahmadruyan9,15.0
my_chyyy,
imamsaputrajaya,
thomsondiya,
chikaangelica_,
_vndhika,
truthneverlie13,
nala.ignom,
ynsmlnprmn98,
gozalicds,
emir.haris,
firnaananda,
rickykur,
bellasafira461,
muji_pangrango,
mizan_arjuna,
fakhrifwwz,
rvldi_ipnq,
albizio19_,
moga_perdanahs,
mkevinnandito,
wir.wiryawan,
irfan_muhammadf,
inuoiwidhi,
anakzeep,
syamsuddingare,
saidatul_muhimmah,
agusutantto,
g30n_1,
hamzahmaulaana,
naeliatitik,38.0
kucingoyen2079,38.0
andreasseptiaan,
dr.obby,
sultanalghazharhi,
__el__mar,
rico_ap09,
ilhamnasution188,
maulana.rifqi__,
sam11ja,
artirtahusen,
aufwiedershitneckgur,
cumabapakbapak,
fajarmoore,
muhammad.y.bayu,
nuritiewz,
rakaasaputraa,
oryyzza,
san_jri,
ajunih_,
blue.dvl,
ferrysyalfani,
rdnmssaid,
unwhere_effendii,
ckrsyad,
ngatukpepek,
aidinasosa,
zenzen_23,
septi_faiffaniati_3,
ikmal4051,
ambaroku,
rakarinanda,
athaxyj,
serwyqueen,32.0
agung.surasman,
pw.adi,
sz_szoboslai,
wahjoe_kum,
basil.hawking,
poe3sms,
diego.fly1,
intanfitri_ya,
niyatahk,
streetxsight,
abu_revina,
itssyaiful_,
japangtm_,
yohanibrahimmahfuji,
alwanhafidh,
s_pisan,
dikasudd,
kebenaranpastiterjadi,
husnulnn,
irwansyah.wibiksana,
mohammadariefal,
afindakusmana,
nizaralfariez_dwi,
khudaaa__,
aditebba,
lifemalv_,
herdajl,
muharifrahman26,
dwlstrrr,
windiarys,
daviedgrshia,
namaku_gilangg,
febrianv_o,
azkharyaa,
max_load_g4s,
yesterday_not_sunday,
hwasalty_,
ibnrhiz,
coach_azwan,
bray_albar,
barker_traviz,
leafleafleaf1,
rheinaalviera,
natalieputri63,
marjudin_arga,
ashurin.1010,2.0
oensragil.id,5.0
j__333_no,
azri_dessy_syifa,
rifqi492,
fnm.maulana,
yadikuningan1,
sayyid_2302,
pahlevirizkiananda,
serverduawayy,
talithadam,
lailamifta_mushariawan,
imridwansyah,
muh.syahruull,
onureye_,
ijuull_93,
risanssss,
sayidaulfa_fafa,
rizka.febrianto,
hanumsamira,
anjar_cbng,
rkadiueo,
michaelnadeak_id,
angga_ramdhann,
dndung_22,
himaqueena,
rofi_andriana,
bedilighting008,
muhammad_ridho_setiawann,
sheranovitha25,
uwiencak,
imkrxsher.ttf,
herzon.z,
aldiseptian0199,
adityo24pratama,
ridhoajilaksana,
sideofst_,
hanumarsya,
bamb.lbf,
ervin.indonesia86,
davidmultazam,
nksavio,39.0
arepngecaprak,39.0
arfrhmd_,
deni_cell_agam,
pascalmchmmd,
klnaarzkii,
andra_metavers,
mahsyau5,
na.redbeans,
fajrinsta,
safar_daulay,
trenggaleknow,
attaaya9,
muhamad_faisal0093,
rajaterakhirrrr___,
much_firdaus_nuzula,
humaamb,
rindimnca31,
sucimulyati_06,
arif_rustian,12.0
mas.fikar,
sugiartiikikii,
arda_dh,
squidytentacle12,
_hndwn,
brendaplubis_,
rosita_ita43,
yuz_run,
theo_aprino,
riki_adi_siswwnto,
run_diii,
aiesa17_02,
amy_jakarta,
rubenelysama,
warungkl2,40.0
bambelagi,40.0
rizkynoviarini_,
kyky_5_,
andi_rizkha,
restyfawzia,
emma_afiani,
adindaape_,
coissn,
angelina_yusridar,
yowesslh,
ayrosalia,41.0
lydiaamariana,41.0
nurjanis8,
diantanjung__,
chokywae,
rinomafhrz,
amirafazam_,
alfifadhlillah,
mrzanhkim,
zuhdipurnomo,
yasayodhayatalana,
syahziar,5.0
changeyourperspectivee,
aldillaamanda,
hanifirshadi,
fauziah.sadeli,
megauthari,
fahlevifahmi,
wonpiiil,
nutriisaribengkoang,
jrd_mika,
dirsamsopyan,
kusumabella,
jerry.yapp,
ricominio,
liualfarezelwibowo,
marleyyuls,
basoeki_widjaja,2.0
nukewiranagara,
aldoofikry,
olav0303,
er15_r1n,
pandu_ozil11,7.0
hadicobruts,7.0
gbriieel,
pergijauhh___,
ingadmati_,
aamedo3,2.0
puguuuh.s,
tyfanew_21,42.0
hammmmmmmag09,42.0
you.wishtoknowme,
yanuarmuslih,
vera_luqyana,
harits_fadhilah,
re.vany_,
honey.sia__,
anugrahadiputro29,
yuan_farabey,
nasiademm,
nurya_shalik,
rita.oktavia,
tetikartini29,
19hendrasetiawan33,
ahmadmubarok221,
_omhery,
kaka_idzes,
heh.dinn,
ace.noer_,
berdos_farabuto,
ranianisaa,
raja_ibelies,
joeragan_1333_nu,
ardiiyannz,
5uharn0,
luthfie.maula,
__umi.adibah__,
everyone.lla,
sincoan,
amzu_49,
om_kibo_,
akhmadfaid,
faqihsan_,
alifanugrah.y,
ridhopurwa,
nenifitriarahayu,
adindavidia,
vqi_qt,
wichaaw,
kurniawanmirdan,
mohammedhesham._,
scorgees,42.0
fewbie_dewi,
irmamulyani11,
ekky_indra,
rizkikhan13,
mirza_banzet,
naurahnurul_,
paradityauy,
gondolz_,
atiladjar,
ekasikumbang,
anabaejand,
triwahyudi.01,
bagassakbr,
modriq1201,
reyforyourlife,
mniirtif,
abduldoang_,
randyputrapratama03,
bagus_a_delta,
subachan_subachan,2.0
teer_yteee3949,2.0
vic_nugraha,
mrtinoo__,
herynutmilkteh,
boyolalistyle,
efriyanto.yakob.62,
misel.mahardika,
ridwan_tanrasula,
fazli_pasaribu,
farid_atmaja,
isabellemasniari,20.0
sofyan_9,
refpi_irmansah,12.0
jufrifakhrizal,
m.ridwan051092,
rdt_prm,0.0
dedemoa25,
ilham_m_ge8,
adeijong,
mecks9_,
nunungfitridiana,
naga_05_hoki,
santoso_jawir,
robireallll,
yulia_wijayanti_uul,
thecaptaen_,
mangbudi8,
ilham_app_,
_vny.then69,
alamsyahsubakri,5.0
rizky_ramadan__,
asroffi_m,
sandishndi.id_,
rendisuhadi_,
ribuanjalan,
suci_yulia_kusuma,
pejalan_kampoeng,
ibnuuawal_,
oktasfn,
vab90,
m.iqbal.rifqi,
dryan11_,
alfarisi_id,
slmnfrsy,
intantz,
muhammadsyabani19,
heriant_international,9.0
kupitfm,
rival.di2235,
usfri,
ebe_mbe,
yuliavira,
rifki_em95,
lia_so19,
nopisaprijal,
edikafajarbastariyanto,
dewiq_ratri,
wijaysastra_9,
pefintadiana,
densandrean,
fadlanmuhammad,
dhanimw,
itomen_flip,
wilptr_6,
zmasruhan,
mhd__fnda,
mill_hdyt,
aabepe_,
anis.potopoto,
yntrby,
mualifah_04,
widiu_a,
tatisulaeman,
faruq_miftah,
bagusbig_,
insanmuttaqin_,
ummialkahfi,
say_akhsay29,
sonsens13,
s____sws,
olengmuluolengterus,
avocado0941,
haseriusbro,
liunny__,
abelvanrnn_,
_tohiing25,
danialbr19,
adidarmawan643,
arsisella_,
arteriii24,
m_hidayatulloh96,
dhnfrsyhhhh,
nan.wn,
muhammadwahyualridho__,
erraanggraeni,
rantauwan23,
abdillah.alathas,
arul_777,
achmad.muharam.52,
rianfrima,
fitrikinasih23,
agusta_maliq,
firmanto4134,
yogie.recing,
anitaoktaviasitumorangreal,
damariodzaki,
helsonmik,
fulanyelrumi_,
goparsuhendi17,
5081_rin,
bundanya_satria_sekar,
phe_aryan178,
nanda.pik,
shane.kys,
ascipto11,
ilan.albes,
effendhyk,
hanamaryam__,
riian_ary,
fifisanusi,
azzamdn,
annie_depeurple,
papsanjani,
wibowo_tpw,
yogadavidstawn__,
lululucess,
tris.maelawati,
___janssens,
roybitalaksmanaginting,
junaidyyudi,
buyungrmp,
wazozkii,
aries_faiz,
rii_fann,
ma03_rhmw,
m_arifin_91,
mia.gstn,
mutiaayupratiwii,
linda.dwiayu,26.0
rahayuning.tyas9,
ezelodes,5.0
hafluairam,
zulfaaan01,
pandur_as_fahrurrozi,
nurhalimy7,
tigaributiga,
gilangghaisan__,
quotes_oviee,
whyu.petol,
08selvie,
za.inal7387,
ardyrexxa,
mrhe_sa,
ryoapriyadi,
rsl_kaif_alafasyi,
idatusadiah.harahap,
jamal_taloe,
custinana,
sandii2905,2.0
muhajirindavid,
venofck,
yashfadhli,
itys_bunda,
fashashop0212,
baladraf_,
fazwieyulianti,
septian_farandi,
nyonalterie,
okthora.mila,
shiella.27,
msrarrahman,
meymeycuby,
pendekar_ciliwung,
im___tikaah2613,
firman.imanulhaq,
livinia13,
sye.nowisgood,
febiadityaaa,
budi.iwan.188,
leefuthu_123,
arfakev16,
iqbalramadhan44_,
daniarma_,
aristoni_munandar,
why10h,
rhandy_coitus,
sadamsaurus,
sezaree.e,
bumibuletbundar,
hendriharahap26,
luthfiyabcde,
afishikan,
kotakbekal.jkt,
nazardh_11,
imam_rachmat23,
selvia.ssr.25,
mamansmahal,
pangeran_troy,
mochammadted1,
lisafebriani8,
ridwanmardhinta23,
yonadeb,
kiekierock,
kgifelem,
edy_093,
achmaddaerobi,
destrihsnn,
aning_27.2,
arek_thampan,
remilya7,
lastri_mutia,
nihyanti,
gendishanum,
havesasad,
altiopras,
yoga.rstln94,
fauzan_putra_b,
velocyvnya_,
siskaasilviaa,
bosupik99,
ig.bangday,
docturnal_,
nuun.1988,
redy_marvino,
foraes4,
nofffallldiii,
l_kizzi,
andi.dm27,
nitaerikananda2,
hermans_36,
tiyasambawani,
j_achmad,
doraeyon_,15.0
marsnabi,
pulai.ke.sekulah,
bungbess,
adit_.aditya,
vikarilesta,
mujjex.128,
muhammadarisaputro,
alee.consultant,
chocolathoez,
bisaaja52,
subhan_ubam,
aembeatboy,
ellasandraofficial,
irfanesia,
agung_gre,
rzzulkarnaen,
adietakbar_,
kokosamajk,
berkatreynardo,43.0
tukanglistrikbelajaran,
adri_tan,
robbyhabetha,
miriptokovape.bintaro,
bokuwachoppertonytonychoper,
lucky76s,
alifikri632,44.0
ini.thorrrr,
rdhrmdhn,
maz.bagoez.beloved,
machyafelly,
tary_aww,
taufikk.w,
a.bukhory_3,
dede_ucihabalishoes18,45.0
iarthista,
a.kurniawan16__,
masyarakat9911,
azissamruu,
noyaryan,
topanrizkyr,
ini_tuwitit,
adhibonzai,
ttk.project,44.0
annas_so,
febbyfefey,
wahyu.setiawan98,
alifnoor_maximine,
ura_miayam,
baratastum,
ilhamelsoth,
iskandarm278,
nano.artwork,
puji_widyanti,
sandiramdhani,
azizputraaaaa,20.0
dwidananx,
edisaja1983,20.0
hendyhedyawan,46.0
octhavvia6,46.0
indrauzingr,
maxluwis,43.0
noe_oke95,
auzanmarrio,43.0
_isan_18,
nalv_ti.ok,
fida.degel,
muhamadraihan_nur,
rzlrust,
tetapyosua,
yenni_ammanasya,
ubeidhabibi,
k.falaaq,
amelia.09090,
jorbae_88,
m.iqbalzaidan,
djokoadmoko,
garena_property,
goback_turnarround,
hariez_jhuna,
rahman_kurnia01,
agung_k_kusuma,
fairy_dayana,
choi_khonsa,
arfanlee,
yongki_bank,
kuyfei,
oska.den,
rhama.bpn.sgta,6.0
nowomanlikeevil,
wahyu_uduy,6.0
tiaputrianaoehoe,
glhbn,26.0
rudi.syahrizal,
apri_isnanto,47.0
azharirakhman,47.0
isya_andika,
putralibrasang,
azka_dhanurendra,
leliyan12,
mdcakrawala,
rezza_ilham1808,
alaskankingcrabb,
jazimerveous,
terwl,
nisyazh,
jee_sandy,
luks_gis,
bgs.pramudita,
jawicrb,
alibenslek,
initial_a_t,
pamanah,
alanshori_syaifuddin,
rusmawan_56,
whosjenar,
kokoh_cungkringz,
huangtomi66,
bangadekurnia,
revan_kurniawan112,
boy_no_limitt,
andisyahputra90,
gerry_nishikata27,
garlandini7,
rahmat_hendra29,
paisald.arasit,48.0
ackerman_fahri,
agusmaulanaok,
ridwan_wu,
baharuddinysf_,
asepsiiuuu,
dmi_mila,
iwankur_kurniawan,
wannurdiansyh,
deirwan90,
masih_nguli,
dhuha_sam,
basyarhoirul,
jeremymorgn,
rahmadi.ari,
tonny.ajie,
lalara556,
ndraa_jisue,
ini_bukan_iwan_,
donquixote_d_water_law,
ritz_magic,
yusufnasrulloh_,
naufal_soebandriyo,
badruz_18,
xxnprtm,
yopisugih,
intanpermatasurya,
pandjiprobo,
arya_pradipta_gumala,
xoxo888__,
hasanahaynur,
ary.bonen_mania,
ponakan_paman_sam,
achmadsolikin94,
nandasamari,
irawanwido,
adelllll_1084,
andretama26,
chairulazmi13,
nayeoncho12,
wiznurivaldi57,
ramanez88,
mfaned,
salamudin_al_ayubi,
sedayudimdim,
airsyadkamil,
andika_widjanarkoba,
ekakuota,
tsu_backti,
one.ok.rei,
leogusto_,
rikko.novriyanto91,
indradavit26,
adisu87,
imenfirman_,
alfadillahadi27,
rezayunizar_opaerza,
_mqhadafi,
wira_pawarman,
lokcai,
aldy_rnh,
lukman_jrx_1977,
ravitasepti4,
vengki_bim,
gabrinbagaskara,
hendrawanlaksono,
girialayat15,
dwakreasi,
silfan.coaster,
erwin_sulkifli,
masuwiek,
ardygow,
tn_nouha,
ifan_imamul,
shinchan_hardianto,
irawan_lau,
jaka.r.t,
dmp2430,
hendraabinangkit,
motifainspirasi,
myusron.e,
ardhizhaeffan,
dee_basuki,
yudairwanda711,
ood_muhammad,
budiday24,
adhamfauzans,
yohanes.std89,
si_empas,
yoga_syahroni,
azizmaulana770,
h4rry797,
adhiechaniago,
asharikira,
indri.hk,
ufijukianto,
endro_wibowo,
__kikarsono,
hettyfatmawati,
jurarayan33,
mutiahwijilestari,12.0
jakarta_crazy_lion_1994,
thelucky_luqmanzen,
_edilaks,
dianmaya_lestari,
fajar_yulianto9407,
huddaprayitna,
ihsan_abdi09,
pietersonandreas,
herryonthego,
ilhambagas,
sharks_tune_tamiya,
krishnahamid,
_radinugraha,
tandur_kembang_mekarsari,
bangfaqih38,
enmei_9,
ryann_irw,
fanti__may,
kimsakuranohana,
farris_ari,
ridhuan_art,
ragasusatio72,
bemby_reo,
arizonariza,
alucard.1717,
gajaholing,
andriansyahendra,
samsulwakidot,
rahmadidhani,
ahmadsudrajat1212,
kristianjsonn,
im.hijria,
raihandwptrr,
alberttemankamu,
wahjoe_97,
suzanelly24,
bondesmoprot,
za.fz_,
soni.setiabudi,
lubis1624,
sahirabarai,
osahas,
meisyatazria,
dhimashuang,
corneliusdimass,
9tukangkomen,
b.r.o.j.a.c.k,
aoen666,
abdlrbby,
handry_123,
f.shavemaster,
fredigunawansetio,
ary_ns98,
ariez_siaga1,
ione.joko,
yourvanillate,
anaufaladityaa,
jeandrico_sayudris,
ryandroaries,
dnnnsl_,
mr.sukro_,
komenysimarmata,
jaymar_arif,
lihend_m,
roby2702,
whawan_iqbal,
madamahesa,
bass0407,
j.s.hsb,
adefurqonn,
edvans.roem,
nonanovia._,
lenzsky6353,
suriyanto_muchammad,
denzz_denta,
ratna_pusfita,
zaroza40,
lesyauqi,
hardigunawan__,
aku.lalo,
fachrul_febrian,
jippysimanjuntak,
kurt.fadhlur666,
ahmadsyahronireal,
suntea_ma,
marditoakp,
teman_terakhir10,
_arifin22,
parkofthejack,
chesiank,
dafiblews,
s4bryina,
z_abuzain,
zraguzeli,
jlitaphang_,
anfaizin_,
chandratalumepa,
adi100,
ayoeps234,
arga_zp,
permanailham84,
thomedu,
niskala.wastu_kancana,
vica_putri,
fauziah.nurii,
rifkidimasaditya,
gildan.rsr,
tinobkt.n,
alfian_dharma_wicaksana,
nicomartens999,
sopyan.aam,
ai_ainie125,
bagus_dwi_m,
ryanjunians,
irpan_syabana,
anantzo,
satrio3nurcahya,49.0
rly.syp,
rofiq_muamar_pratama,
arcasgoodstuff,
adrianulza,
giopratamaaa,
ale_alikhsan,
laekjun.90,
twnyght,
imron_mahmudi96,
andy_fahlevi,
idiiiiiii30,
sbrriian,
gnnganggro,
ahmadheriyanto09,
agungharimu,
npc.villain5,
ikeromawati,
hanssurya777,
araahya_shopbdl,
b4dut.t.t,
mirzawijaya_,
_ujik13,
k_ajeee,
theooagustian,
arif_rahman_hakim0,
cepyanugrahs90,2.0
ayizthom,
yulia_juliaa05,
rzl_chandra,
fakih_latief,
lukasguntur,
ig_nyasiapa,
heruazkantarez,
elvrlouv,
rvalentino02,
taufik_hidayat237,
hallomasbro,
bmiq_07,
_kadang_kadang,
pradipanegara,
riszky.adham,
budikurniawangilang,
bogymegantoro,
toerantang,
daniwebdev,
alief_ibrahim19,
albert_wahyudiarya,
amer_albara,
budianto_hanif,
mas_sarif69,
chan__ram,
xxalima27,
satyahadiw2,
ripperz_,
rizkiagungid,
zie91___,
_.vnad._,
arifin_bahar,
hrmaulana,
yonowijaya46,
firvtz,
ravico27,
howlyy_sheet,
windaaa_ar,
up27_07,
sev.tjhoa,2.0
abdurrahman.kevin,
junaydfloyd,50.0
rafidlana,
rossargallica,50.0
metanayy,50.0
bataramanik,
raimaus,
devisimanjorang08,
donyendica,
veren_hayon,
stevenid26,
deni.fitriyanto,57.0
oakoho,
jasaolahdata.co,
latepicku,
nichoopras,
dimassaktinugraha,
ravaliant,
mntpppppp111,51.0
mam_ading2728,51.0
tikawngso,
ninikao4400,
bonifasius_bima,53.0
widyatri___,
bandung.gigs,
ghozali11_,
lindrianda,
rferdinan_007,52.0
dimsdwii,53.0
adity4._,
indie_24jam,54.0
_almayym,54.0
taanilly,
yulianafrastikaa,
trioatma,
natluve_,
bd_raffa,
fadhil_saputra.045,
_rinadh,
alf.iw12,
lqmnfatih,
upp_aja,
riokurniawan_id,55.0
lalaamala,
adisilva21,55.0
adisuryaputrariadii,
adivnm,56.0
naddyaasya,
d_vrile,56.0
chap99_,
youngdla_,
kaylaaa5476,
hideyuki.id,
frsardan_,57.0
nbilaazzza,
zulfadliputraas,
difi_raw,
larissa_dewii,
log_aii,
ditrubyytay,
ademutiara_h,
brooklyn_cheesee,1.0
katafurika,
alleta_stfn,
kikeydira,52.0
michavann,
peenfollowers,
ikanterikiyowo,
iqbalmuntahaaa,
nuraysrr_,
apriii.fh,
hansraizee_,
sugaroflunar,
yosafatsimarmata,
rvvlnsyah12,58.0
amariadc,58.0
vira.amb_,
dindarvian,
jasapindahanbali,
abaehaqi_id,
alya_anaknya_pak_waka,
monaapriliaw,
ardinadityaa,
ichaaaaaaaaaaaaa08,
ry.iyyd,
mogskisme,
5onn4,
boloku___,
dessnatt,
il.daam,
lerrsugarr,
madh_k_,
nadbilqis,
setiani16,
fzi.ibongg_,
michaelxge,
rahmah.hm_,
donaldgarcia_lm,
panji_justice7,
nmarifahxvii,
syafiraoctafiani,15.0
_sucinuraini1,
queenfir_,
lia.ryan2020,
ahmadrifai0459,5.0
rzalcavalera,
rummatadody,2.0
assalamualaikum_burger,
abdlrzkce,
astriwika,
windafbrnt,
gustiamw,
rezabahroem,54.0
ayusriwahyunih,
dimastpramudita,
christopher_adijaya,
cullens2024,
mirrlosh,
hanxxdo,
putri_hrndr,
paulineciuputri,
thea_dyah,
luckytwoacc_,
rayyaahasan,
time_traitor,
jualchatgpt.canva,
bombaclipp,
fitiafilia,
ham.putraa,
marimogstn,
sstadteens,
msolihinnn,
rndyahong,
catherine_vanbora,
f.aulia25,
sftlummah,
drtn_naff,
ruangkupukupu,
budi_albukhari,59.0
restumujijoyo,59.0
salmainstbrz,8.0
chllprk,8.0
immawan.arispj_03,
intanpuspitasari.sr,
priscilaatd,
meyrisnaa,
laurenzapiwhani,
arummmrhy,
mastodown,
blazeasfuck,
dntorus,
sidkitenoth666,
nikomodjo,
masmas_youtube,
riyarsil,
sonyased,
mascokro_,
seesaw.cicacuuu,
fadilarizki_,
frstdikk,
_ridsu,
morehajoon,
vlntkslvna,
d3wa_saja,
albertusfs,
chezmuth,
k.wndyy,
alexander_radityaa,
hassan_parulian,
swedishfishburgers7,
cintamldaaa,
sorayaainaa,
mustikaprmata,
toryharyanto45,
cyliara288,
rida.aulia,
iirsyaddd12,
fentywastika,
al_d_frinaldo,
diosaputrapratama,
dinoo.ars,
pingus96,
dypta_official,
fitr4rompies,
renitameilia,
haytyas,
halooucii,
adprince_10,
ardyerde,
maz_aris_oe,
gilang_militia,
muthmainnahk,
_kevinmalfino,
anggiagrr,
_______gaga,
_ermaphoto,
ridho_manaba,
rivval05,
imgorgjess9,
william_prakoso7,
vickarzz,
rini.az,
yourmine.rp,
heli151001,
sofyanhady27,
zelanurulita,
lzltaa,
unaaaa000_,
nidaarrm,
afrizalrrx,60.0
dimasadji_k,60.0
basyaralhakimmm,
rustychainnn,
aditrafajar,
abimaprasetyoo,
rafael.sitepu,
iamrafiramzi18,
adaammubarok,
keggydwip,
pipitcuit,
mas.adiiiiiii,
nur_zaky_2005,
rishaatya,
_latieffff,
dedepratiwi93,
chyadi240,
ekofebriprasetyo,
ravenzzyy,2.0
mavoslayer,
ditamarama7,
beyzazqila,
nv____________________,
para.no1se,
yosepedialdian,
lafiledhifier,
fachrezamuttaqin,
peachyuni_,
setiani778,
7dar168,
patih.sanjaya,
peippamint,
aditya.r1zky,
ary_rahmadie,
ingeagnesz,
nindyaaasusantie,
aliefiafr,
mudikkemars,
itsmeforeveryoung_,
joe_strider89,
zainzulfa,
fachrizalrifahdi,
auliya_bhst,
itsmeurjoo,
ekaberlii,
gemgirl3155,
donipurr,61.0
frndinda,61.0
44piiwwfooyuuu,
depit2296,
itsofficialdzakyy,
ragilindraa,
giinda,
moonlsa23_23,
stravingfood,
egkxmple,
rizkifajari,
fioris__,
nuuunnnna_,
nungky_nugroho,
steffenardin_027,
barik_muhammad,
arianidina972,
rapibersabda,
samuelpanenga_,
afadlaan,
ekodzaky03,
sc0ttstre3tt,
mufidf_alf,
mhmmdamrii24,
desikhapsari,
anggiatpsrb,
esteeehtarikk,
ral.mskioo_,
_abibbih,
rzkymldn,
salrizkynazz,
yzdumami,
aqeelbagaskara,
dela.rhma,
ygaadty_,
rakkaprtm0,
vlt.naa_,
callmedjlee,
1nimail,
sealturtle__,
ratihasmowidjotho,
sandy_pshidiq,
nasi_kuning_1939,
arisanrrr,
wira_shaka,62.0
ihsannnnudin,62.0
anggarbaskoro,
mozza.2012,
abimweidhas,
rajgrendaaudia,
kezllu01,
im_zygarde,
fajaar_e,
ari.marli,
anisaoctafiani,
kekey_emr,
watashiwatikades,
wnddp__,
ilhambaniputra7,
mhmmdfqhhidayat,
sourpineappwlee,
bartlett.pear_,
sitinuraen16,
middleshiba,
agathaadria_,
sanorganicfarming,
faruru04,
tfnrwn,
marisaichaaa,
aldomuhammad___,
yogapunyaig,
ach_nur_124,
ochbaaaaaa.k,
pjrmdhn,
x.pradiptaa,
dikigandhasaputra,
__ejakjackie,
mutyrxz,
gih_._gih,
yusrilandi__,
pranata.ivan12,5.0
dhardianti_,
malfindd,
masharam07,
danuqrthaa,
prasega__,
rifqhiww,
r0ng_seoochan,
luyor_al_hanif,
sitikusss,
ordinarypublic_,
asfriinnn,
rhobytesti,
baemon_yg_7,
wmfy_,63.0
khtyra_,
iniakunsellaaa,
princeharrie12,
amransatria_,
shanti_mryn,
anggara9o,
rezzarenaldi,
drian12elia,
joduncanjo,
vienz90,
rezzafiqrathulputra,
paulusbakung06_,
danangzh_,
gilngr__,
febybrii,
09widiaulia,
ajisantososan21,64.0
fachminaufal_,64.0
alibatasa_,
orangspesial_,
richvando,
fahdahrlna,
ikhwanudin.ajied,
panjiakbar_95,
lessthantelu,
rangerspink_,
leilaroom,
ugasbanang__,
candyplastik,
septiana.sha,
aninditanurindra,
achsanyanuar,
farnationblush,
naachan32_,
rolandaherta_,
baappps_,
julians_latuheru,
riskisafitriii,
faisalbayuajii_,
adhi._.fatih,
utmkndyss,
rayhan.kurnia16,
mfisyamudin,
kaswidi_baong33,
rhmaaapiww,
nuw.nuw,
gangsaralahyo_,
achioshop86,
aditpriana_,
dt8.rice,
ramadhvni,
alcautsar,
___________21ag12new,
amandaa.hartantoo,
lianggra_,
nahar_abdur,
martakenzero_,
nahebrahm_,
anisyafdll_,
hi.aniianii,
rizkysyafit,
farizaarif07,5.0
melistadita,
lkmnn_,
ferdylutfiano_,
croffelpie,
berry.poops,
blackrozese,
regi.lee,
eka12yahya,
compongendemic,
rnaaprs,
imam.faisal__,
sheilaaastr,
biyandihabtara,
kata.katainsta,
jouririssinaga,
melianamerissa,
iriineee,
syafira_partyplaner,
halisamaulidia,
eqssentialss,
jjausaa,
fpranss_,
_ntasyaa26,
giozrx,
noviasyr_,
nhararaaa,
unknownrowrrr,
katateknik,
fadhliset,
melaniedara_32,
j_rm1310,
firdiatriana,
shansrahayu,
volkgvg,
vitaliatm,
juanwil_,
rgdiwan1010,
indratnosigit,
cutienadey,
arnodhani,
yusufelgaja1,
aapprriiaannii._,
sepedaan_di_sarajevo,
adityarhmn_374,
daniernawati_mario_s,
fajarnugg_,
safitrivita,
nadbellapr_,
caca.4010,
jaywillmmm,
_ferrdis,
vinnapandansari,
arkina_mei,
masmokot,
mardiana2559,
lahsenoritam,
chidhn14,
aqwamnuqrh,
fajar_dirham,
muhammad_dian17,
dffaaprillio,
neldrooms,
myahanysa,
ptrhndyni,
35.frd,
nonikhobimakan,
rayhanrizal29_,
kaitnas,
namaaakunaaaamaaa,
undetected.wo,
niaprid,
sang_pemburu_senja,
hyyee.199,
sanihadibrata,
namagueabel,
bgowoto10,
irsyadfarrel,
gfrdwiputra,
meyarchivve,
ranisaraswatii,
yustiastwp,
piyabitt,
aqimsyml,
rmdn.vi,
adrian.nurr__,
syahbaniriyan,
galangexcited,
hamidahnurfialah,
dionputra_alsda,
yulpianiepi,
sll_rmdhn,
xynt_iu,
aagymkrd_,
paulusyudha,
dimsss_gzzz,
nurlistaarifah_,
mwahyupamungkas,
masadsdq,
azhionme,
daniramasyah,
atwal_yanuar13,
cimihh,
starryp0nd,
priyankamarissa,
grahadiawan,
bintisairih,
afifdharma,
pinkygltm22,
gedetirtaa_,
d.ryanzzz,
farhannntuuu,
vivinaw__,
citra.tomy,
capitulate_,
amrisdzulfiqar,
staasd0ybf,
ariefsalim23,
_asyanura_,
markzaesarcitomezzar,
rifamwardianti,
karepediplo,
ahmad_alviin,
ssusuruttateuthan,
michaellee3445982,
dhilanih,
miftahrzk,
moh.arfandie,
parlin.abram,
dzakwan.slm,
farhanmau29,
cecessly,
vinnxel,
f_avii,
eliaoktaviaa,
bung.isal,
rsm.hrnd,
mungkin_sajananti,
ardiseptiono,
halloafai,
xxopluv,
fillwua,
beyourap,
agungfirmansyyah_12,
davidtadja,
tridarmiannisa18,
dwkydstr,
nandaputr,
sxdekaa,
shxrlind,
p.rgnaaa,
fendysimbolonn,
nfriydialihsn.20,
_riezaast,
iniairinnn_,
miarqoun_,
gabsellyn,
aneaya___,
opickk_inst,
nn.themidnightsun,
timothydamima,
lostnfade__,
nathan__gani,
dinar_melodi,48.0
younee7_,
wisnuprasetya92,
albertadriaan,
waluyo_esjeruk,
rikithedoctor,
kasmanbas,
rosyalinomada,
jann.ah4464,
jeiinar,
jizharfeb,
_emamysrhachmad,
_yogasd,
jangkimuhammad,
valdifal,
tuantemu,
dedek.krnw,
_yllyl,
haidirheliamasa,
anncashies,
faqihmhsiy,
kaikyou_26,
arka.mhzz,
jryyrmdhnnn,
flexalot_e,
dsssy.i,
buyers______56,
andyly__,
khaikhamiranda,
davidalpahri29,
tkdlvl,
ihsan.alprss,12.0
alfathsaifuddinn,
tsyaaak,
rosdiana9276,
fajrianoire,
ide.bagas,
lzrhys,
yc.acosta,
shfghna,
pp.imamsyafii_alhasan,
yahyahartono,
litalonas,
andianitra_k,
nhrdwnt,
_aahmadhidayatt,
hariya_aya,
farhann_aang,
afuvyy,
seruniachadiah,
mimin.netflix,
sabrinadatu,
doubleyu_69,
sherlockfile,
listyalina,
anggialfiansyah,
hamlcy_,
ukymahmud,
yos.mpsiagian,
soeschocolatte,
thenuralamsyah,
maxia1051,
justmunny_,
uwuhearka,
narikayammm,
hadi48436,
cannccer__,
olddi_sptra,
aal_aminullah,
ramawuu,
mufidnurr,
lianka.drg,
iev_ievanny,
jennyayu.ryuprasetya,
syhr_raaa,
dewipoluan,
jenny4008,
sfkontraktor,
akuadessss,
rizhvanahmad,
hey.bar4,
s.naa18_,
hmoelya_one,
noviisaputri_,
r1valdi.s,
marisyabvn,
_ayo_ngg_,
yonamns,
limartofficial_,
ignasiustio,
triawahyuniii,
temigun35,
fishansky,
chelseajunita,
fqhabdllhh_,
reigashun,
asdfrwy,
indri_memei,
fachriyans,
ichsan_ek,
fernandakirey,
pptra02,
bimaananta,65.0
amandaazly,
ernsprynti,
safari_iskandar07,
niswatun_f,
adendesss,
megaabr_,
23isaaac,66.0
rendyhyi,66.0
ayansuputra_,
muharyapandu,
nugisrya,
reyshahy,
jifamanda,
nadyaernolita,
stacymaxime_,
ekkosantana,
maillaleno,
habibsyawali_,
hendra_trm25,
aulinvk7,
javanoase,12.0
sup.yusuppp,
zdnesydny,
erza.ea,
ilmanurasy,
adib.abdllh,
labibmajidlujan,
chintiaaa30,
yangmanazal,
kelilit.talijemuran,
jjeessiiiee,
faaaaadiiil,9.0
rifkiramdhan_,
11cvancv,
gugunzaxx,
ekihantoro,
faqihramdhaani,
kularikepantai,
ersa_willy,
dzakiky,
nabilanovita29,
allianzaaas,
aziz_fatchur,
revan_vaan,
rltndni,
ransomwaree_,
rengginanggenjur2,
jiwojawi01,
adhikapp,
tedisantika,
ramdn.n,
robyparman,
eriick.pradana,
oktaandriyanss,
donizai60,
riyandir_12,
brinz.co.id,
anggarpurnandaru,
handyfirmansya,
mwerrie,
aanorayy,
ida_yatulj,
dofficial7,
lucasssbride,
frentyrosaliaaasp,
syaechannn,
totopengenbobo,
storyy_sisi,
melatimargi16,
andreankusumah,
luozheng999,
nevalnro,
smokynight_,
tohido_,
irhamlksn,
alvintheoriza,
andonlyyukiii,
najihanarizka,
dwiarysetyo,
amaliarstn,
funnyanggita,
gochuuujang,
muhilham_m,
windyoctvv,
afffgjsdd,
rifaldyardian,
tegarguchii_,
frhnnoerfdzn_,
mrluckym4n,
edosuryandiputra,
sais1494,
gilangrenos,
dimaspadmadinata_,
sitorus.chuck,
aditya_fernnd4,
joshuaa77666,
aazizahnf_,30.0
barrel_0,
indahmntr,
ariskapp,
faststore_official,
vztdrm,
somethingvvrong,
devintyajr_,
shanishabudi,
adityaihzapr,
ignats.naga,
alyssairvn_,
eza_hrsmann,
awaruzin_24,
adenalghi,
myherny05,
4jisaputr4,
firdhaus.co,
iqbalrifqi777,
azrullkhafizin,
bts__ilovelies,
muhamadrifalrinaldi,
__lyhy,
mzidane27,
kaputrra_,
hanna_pogba,
tinkermeell,
suzu_hideaki,
shellasonia17,
ardilahpuspa,30.0
chicha_renden,
therealrizkii,
chalstone,
ddisicaa_,
dzikrisyafaat18,
dioo.dptraa,
prido_putu39,
nofadaaa,
_adunggg,
ulfa_khaerunnisa,
vonzxyyy,
tehespanas,
fada1096,
putrivardia,
iiiiffftyrayyy,
tianblacknwhite2,
rakhbokk,
rusli_muhajirin,
sekencoiiss_,
bonnskuyyy,
lezyar_,
miaa.marpaung_,
evilenkkk,
aaferahanata23,
tatavanreza,
adityavirgi4141,
rafjayh_,
retnw_,
renopanda,
algikuzma,
azizahhh.hhh,
swastihutabarat,
grestyan,
bachank_,
putrykarun,
arenagadget__,
hilutfi_,
ardhy.frmnsyah,
yosuagpr_,
mardiana.jjongs,
ruldamayanti,
haiii_its.me_itutt,
rizkyfajarajip,
_doysky_,
alfrizzk,
thisisarikoo,
saaharan,
danielkipow,
salmahanifah_,
esuardhani960,
andhikaputra_p,
nndiyah,
steven_xizco,
syrifachmad,
fadelkilwalaga,
fadly.san,
ramavuspayani23,
suciepri2,
snnyaa_ny,
bodim_id,
_____sassss,
aldisabil,
windasuhana,
miftanaaa,
whosfellll,
wldanfrhn,
ervan.anggara18,
robsonlbs_,
unbubbleliebubbleu,
hurybem_,
ssbrh_,
iampebriii_,
rizalxpratama,
rxkiee,
hadi_prbya,
fitrianysitumorang,
thetifzy,
cjustinrimbat,
xixael_,
gstiawn__,
__rrasyaa,
seloktav,
uchi_07_07,
rifalinthesky,
aarryynnnnnn,
abidin_z_m,
leeyaa_ya,
adrialbadri,
kissofbilla,
megayutw,
ed.fitngrow,
ariefpost,
mmjinans,
nesyaaavd,
ibnugraa,
_manusiarandommm,
lifeink.std,
isma_2o,
ayyunurmala,
bedillah1009,
adamfikih,
gungdwijaa,
imankurniawan_13,
cleverjayen4ever,
xann_erstyerz,
km_pamungkas,
sridhewi,
onnaatttt,
andrmaulana,
fahrizulkarnainp,
serlyaprlyn,
rifqyamboy,
monariaa_,
dendy70s,
ilman_alkhalifi,
thugfulss,
uliyah_n,
ahmadharis.official,
dafaaziznr,
btyhook13,
siiriyans,15.0
ernieee6,
auliarchd,
rafilalgani,
rkfthn,
hello.kamm,
rakharzkyy_,
opqriyan,
bananatub,
qiung21,
bambie.bi,
lestarymiaku,
shenlyy,
_diit23,
praktekind.id,
yyunaliass_,
obito_rafi_aufa,
nisafhzaa,67.0
nurhayani_26,67.0
agstnvs.ckriss,
bev.bert,
rendyismail1,
mrzkzzzzz,
gungg_a97,
abesst_543,
ulfa_mk,
sofyanmahardika,
fachruddinnn,
imaniaas,
gudsat999,
dhe.noke,
monicanfs,
dimasputraadjie,
kialiwali,
emyyvauel,
slsamytiaaa,
gede.kusumaaa,
dianmustikas,
dandi_aef,
gigestha______,
hariisetiawan_,
ryanfhrzz_,
arimuktwii,
uurfutture,
velyadelvyraa,
fachribr_,
itsmebibah__,
zallxnxn___,
gingeraylee_,
iwaktongkoliwaklele,
thereskymuhammad,
hanfa13,
dainilham_w,
liladhemartha,
asawbowo,
rizkyadim_,
txkyodope,
indahpekir,
fudinsoib,
helokitting,
sunbych,
deariannr,
inamurobbi,
septianuswilly,
mochadz,
nusantara_quotes_updates,
nabilah_zayn,
ellgortt,
jonatan.naibahoo,
bintangfs1809,
fdlllhhrmn,
ippiy,
zldjn06,
ukoli.natan16,
pahrevis.revi,
alooo13r,
imfikrii96_,
ferdisntso,
bn__gxxtd,
kartiniii63,
toniandrean_,
yohanes.am,
r.ltfiiii,
d.nisssh,
pay_joe13,
azwinurr,
lutfhimaulana_,
_parningotan,
pitboy186_,
andre_nugie,
okeham_,
tobyath_,
rama.achda,
fauzia________,
barbiebena,
ryfrmnsyh_,
renofrdk,
revivan0va,
callme_linaaaaa,
zahriwardhana,
komputerr452,
aananjas__,
_illecebraarcanus,
omezenn,
krisnaprasetyaa,
clystaam,
wahabcharis,
ani_lamada,
firm4nsyh,
aharism27,
adichdn,
gurikohanaki__,
winanjar13,
reremimzy,
adellee01,
mnd.feb,
waffkml,
s4kk0nno,
melypasaribu,
jeunghoon_____,
_yulieeeee,
shabira_yusi,
janoyyyyyyy_,
alresramanda,
_aeruni,
nestheaceae,
epuyyy.e,
panjiesays,
_camatcha,
ollie_aulia,
zeinmarccc,
putra_max_,
elfa.np,
dwizulfikarnur,
haratama.felix,
rizkiano_17,
reyhansagevti,
miftah27_tah,
ali_fiksi,
maulanaafw,
dikyaade_,
ernando_magat,
imvocados,
gulfgulf_,
na.dafa,
tazzz9,
demosgeya,
ovie_ny,
husnatulnurjanah,
eputriyyyy,
erwindjuntak,68.0
urfanramadhan,68.0
jesaya.barus,
sr_muthia,
msterate_,
glgpraw,
ira_ul,
meiimemeell_,
nazzyyy_lah,
deanetard_,
fariedsyafarie,
dianashilfa,
fikarr3,
arfasptian,
fadhilaakamilaa,
puspitaanindasy,
yourbabyellow,
imayusiagian,
murniatimd_,
elsaw_,
lxt51_z,
vannyrachma,
edoylagii,
dnlfrnsc_,
missnenooo,
aziezmaulana,
auliakhairunnisyah,
yls_4490,
riifkaa_._,
dzaki.af,
irmadjuhari,
kikinpwk,
winwarsire,
suryadanutirta,
ahmadrahandy,
flumadiddles,
as.tan.0,
husniiaja,
raynabbymanyu,
endahpake.h,
ratusaluhah17,
nrlt_r,
bukan.ormas11111,
abdulkholik713,
libraoktvmtn,
setocarel,
lalaveniaa,
kesshabidari,
assumpta_resy,
dindadewani,
ayufra88,
_ahmadirham08,
alfaar0,
bro.vr_,
crzydumbass,
pnjdwthm,
qiptiaah,
slwdza_,
ridwansatyamusic,
lindaharrun,
palembang_drone_pilot,
wisnuu_legowo,
dwiii_annn,
andilavon,
alt_kesehatan_,
ntar_no,
binaninu,
canoverse,
vika.ftrn,
gandidos,
sopyan.doa_ibu,
sulaimanramdhani_41,
arifriandia,
ncsade,
yudha_poeradipraja,
weirdofeedo,
aldhftrie12,
carlos_alfredy,
03_ziz,
husnimubarok_____,
avd8l,
gregorius.vino,
renvkhrsn,
ignasjordi,
elrinachen,
devimuktii,
meongg.gn,
ketopraktabrakrasa,
taipau7,
frezahapr,
riobagoesp,
momink_typ,
onlymenq,
ibnu.aziizaan,
mygrsw,
ilzamfath,
jesichasihombing,
mutyafahira,
resinta_alanisa,
sindu_ad,
shanyani18,
bima_prabaswara_,
teukuzuma,
marhaban2222,
bro.abizarrr,
scar.face53,
mrs.hhh1,
dameriajtk,
251579_ap,
saiful_kasim,
dwalisme,
windiningsih73,
syifa_rose,
zaidanaap,
militarynewsinternational2,
hrydimly7,
mooontainnn12e,
yuriprice666,
padet_merayap,
cupcakecake1210,
jordyisml,
chickennoodlefood,
narciissism0813,
_lovenbeyond,
iyan_manchunian,
ceng_achwannn,
rahmannurhidayat,
_____ardiansa,
rizalpnama,
stwrttt,
geriorag,
fznirsyd_,
raynatan_utama,
yusamahardhika,
jauw.jin.to,
dalgoncandy_,
agakekanan,
andigaffarr_,
garrygerardt,
m_ridho_06,
rendy.my,
budi_ayamgeprek,
lagimalesbgt_,
rlskgramabanl_,
imroncooo,
_pendul04,
berpax77,
emmili_dwi,
danielwungkar,
voltaire_kid66,
tymorrzz,
ossaraka,
frmnnna_,
riantaraherprianda,
fupo.vvip,
jib_elshirazy,
rshrdnn,
indahmishwari,
wnda_fp,
din_da6839,
rahmi_mln,
ungieww,
muhamadfarhanw,
hi_leonando,
thariqsalmandaffa,
arina.hd,
rahmadaf_,
sikodittt,
massghii,
febriyustian_,
hhanaaa31,
sersanhusen_,69.0
f.ef__,
dikiyudas,
jogjatrip.co,
ohjeerrr,
deden_abdul_rochman09,
thedark_diary,
pratiwip,
niettzscheee,
ttosunmon12_,
xxyz03,
tinkerdelll,
riokristian27,
rehanaziss,
rantonesia,
imamagustian01,
bi_ntang1502,
metanviika,
rdhofrds__,
achmad_1_1,
fennymawarda_,
chemicalregar,
kamalzari,
hsnfathoni,
niz4r_arifin,
cepalekx,
thetransportazion,
akbar.syahdaan,
redykadika,
gudday.capp,
januarrsanjaya,
rissyour_,
b_atjaah,
pujisawitri,
sosialpolitika,
a_fiq1,
napinkeu,
phaanzky,
ha.bi.bu,
adolf_farhan,
rendynadyan,
tegarrakas,
devirosidayanti,
jarrqswr,
gratiaginting_,
elegant_jogja_weddingorganizer,
ridwanthoriq,
gumelarrmni,
frederickpelawi,
sutrianaawjy__________,70.0
rinpast,70.0
bergkamp_p,71.0
im.semm,
donirinaldy,
separuh_aku_dosa,
cipeng_uchiha,
zey_photograf,
adh1sulistyo,
rifaipaul,
nabillkar,
janurwahyu.r,
rickyaflah,
mirrzaah,
audimanaf,
lestariilfy,
mishbahuddin_muhammad,
agasinuraya07,
zaf_bree,
agels19,
muhammadsuhudfadill,
puttdhl_,
rongeryue,
dleanferdiansyah,
dindabayu48,
ginaaaul__,
taniasoktaviani,10.0
_nsrimulyani11,10.0
kintan_atuy,
barmagribpsan,
ysholihin20,
claraputuu,
ryowesleyy,
muhammadreza72,
khessy21,
tgalih_wijayanto,
___kukuh,
antarestar_outdoor,
abcdelin0_0,
trbungaa,
zackspearce,
irwanttt_,
berchandya72,
lizaanasta,
h_ssnu,
nanda.harisss,
renaldistwnn,
ihsyahriakbar,
gadispulau__,
radiefrmdhna,
rnwlndrr,
babyviooo,
dimasstern,
rezkyrr_,
daffasyahrizz,
azearfrhnj,
habibsyadzily,
andikahonda18,
user6belas,
sucialfitrah,
lkjhgfdsa____ar,
olehthp,
bintangjatuh.1531,
ivy_netasya,
meyrompies,
_endusia_,
zakync,
husnii_mubarok,
redypajero,
rifky.fr,
b_htiar,
geryrmdhni,
genori_shoes,
chalhisyam,
indsaan_,
fajarikafitriansyahh,
ulfahtacii,
csvbixx,
nabilamirulhaq,
ardiiiii_p,
sy4rifyb,
rrafyd,
satriadwicahyono,
febriraidz,
_its.akim,
ajaypardian,
real.ardian,
nvirahmawati_,
jae.kimhyeon,
adisya_96,
promosi_cantik,
arf.arfian,
rudyma2022,
manaeksimbolon_,
neurball,
armisoemardi,
egyxprasetyo,
yuanntea,
waygstn_,
217_pptr,
asrfi_025,
_te___01,
luckysuprayogi,
aslumpgod__,
nbldrwn_,
baihaki177,
arulnwawi,
chandra182121,73.0
putriratiwi,
andreee_mann,
reza__ramadhan,
ghoden14,
molid___,
dilawarista,
ramiadji_bach,
vikifirman.22,
derispewsss,
sarlamellyka,
jjhn.ut,
endrianhs,72.0
linggachndraaa,72.0
sanab.raa,
maradamarma,
9rakaaa,
widilann,
mencrap.gt,
arrmyy17_,
difslm_,
ikhaaikhull,12.0
q5adani_,
milamah.01,
pontianak.folk,
raplyy_tubeless,
novita.asri21,
febrinaharyono,
southpaw_kei,
dikodr,
cilnawangsari,
ekybong365,
respati_z,
annisanmy,
whereiskevin__,
fadlinasyahri,
dianapriliaaaaa,
luvfianti11,
taufiek.maulana,
syahrulrmdhnn_,
dher_iz,
ran_albertserva,
don_husnay,
yu5uf_98,
aziznrfdllh__,
rais_aja_nst,
faxrixnxx,
dimas.drmdhn,
boekankarja_,
junn016_,
audiyaa.ii,
just_fathi,
syamelardlla,
adityarahmawaan_,
ayusnrm,
irenne_deviya,
nadilamanda_,
iamrvandaff,
h41dzul,
azayzaylani,
_.aetheriaa,
tirtalestari7,
mlanafrr,
bagusdwiwibowo,
ferdinantambunan14,
mrivaiipay,
lemonad333333,
reviewmajo,
__ravenka,
stenleyyy2,
prdiprzky_,
fadli.irhamdani,
yusuffhrynto__,
yuleaanggraini._,
ezamaulana73,
mraazzrr,
miripadit_,
wahyuazis__,
ikii.pila,
yunoo_29,
nazroel_84,
alfino846,
troyaedvn_,
bagus_khott,
yoshuaelroy,
ardyhamdany,
mochamadripki,
gilang_keromon_art,
andriianr_,
wandaamaliq,
zmadizan,
dwiwahyuni464,2.0
zahrashfaaara,
rrbnotrnb,
30daone,
irfannmuhammadd,
andhikasarasono,
cloudsfleur,
hey._.annn,
juyooc,
indirarsw__,
marisaslp,
rmdhndny,
mrsubursukamto,
oxrfndtxo,
szeverb12,
xannillecrax,
evalucky96,
rommbill,
lsstyya,
dwikendala,
xiedeblack,
dhavarizkyarr,
loveandbelonging,
fairuzelfath,
fauzanwardiansyah_,
al_hawarr,
pskskf,
fjr_alp905,
fbr.koto,
joey_niguez,
muh.pikrii,
a_man_and_his_dream,
faislhfz,
dhimazwijaya,
chikubell,
oliviarizal_,
ippunk_tetsuya,
wumbologyexpert,
jauyzt,
bonyrs__,
juarfa18,
rizky_jisantt,
ianone__,
billypradhn,
satriogumilangg,
lutfi.uj,
yoodha,
ridwan.asharii,
azward.in,
hannaftryn_,
pqrsep,
aryayaap,
teguhrzkprmn,
jo.arthaeffendi,
ajeje_ay,
puspitamlyn,
ismailabd.al,
mhdbhrlulumm_,
adellaardhni_,
lutfi.upay28,
jnurcy_,
fafaa_________,
yanpurnanto,
raden.aam,
a.ramadhan1,
tedium.swing,
aji.dewantoro7,
couldbeblasphemy,
kemaljm_,
nolanawls,
arcahyanti_,
andy_vvb,
miniaturmotor_indonesia,
alinuralghozali,
i.ilm,
fahmirosyada10,
febzen_96,
khoirulfl,73.0
driciv,
muhammad_hezra,73.0
ox_tiz.din,
uciharoyy,
arifback11,73.0
zaqub.orenska28,
ulye_zriyani,
ryan_wtp,
aldyanometer,
hanafi__18,73.0
m_arie66,
lalunatyana,
ab_ilman,
so_lichaa,
sidingin112,
mbayuaprianto,
celwmotan_met_met,
iwazza.kun,
gandung.ra,
wecandwit,
andrejosafat_,
rhisky.26,74.0
fanzaayn,
randy.qyuha,
luthfiemuamar,
wahyu.stevano,
van.himx,
fk25._,
jakarta_tourism12,
wahyou.nim,
smart.m4t,
azizjayapartnersip2015,75.0
bheema11,75.0
adakahcafe2020,
amirhuu,
kareemenzo,
rezaaszhari,
purwasenyap,
muhammadfauzi9501,
teguhtio,
sy.afiq131,
jaka_huna25,
om_nunu12,
myimamsantoso,
daarin_07,
man__cef,
denting_harmony2011,
rizkywosh9,
rman_ef,
hier_hidayat,
ary_indengi,
ayah_sean,
zain_sulaiman_ramadhan1725,
28.nemesis,
iskandr30,
damara18_,
wmfms_,76.0
angga.adrs,
ilhammaulya,
motherfucker_606,
danielmonorel,77.0
bersihsehat88,77.0
titofergianto,
franciscussimon,
hendra.nayla,
aldy_mabir,
dedewawan_,
bankgrez,
hery_wibowoo,2.0
lllgita97,2.0
marjuniaaa,11.0
anp_studio13,11.0
paracetamol289,20.0
achmdherry,
dzfaa_aa,
fajarrh0,5.0
aldi_bdg112,
andryanlesmanaa_,
rullyy_hr,
khusni_mubarokh,
mhdagung20,
sukarna_natawira,
jujutsu8980,
luthfi_nmt,
ekayunia_prawira,
roffi_dmuhammad,
karyono6879,2.0
ggs_cihuy,
rosid_oslo,
abryan_story,2.0
sulton_firdaus,
haris_alfakir,
bondan_vanesha,
nofansurya,
benoodian,
candra_septiano,
bgsabdrrhmn_29,
kevin_septino25,
aressaa__,
pur_nomothefu,
azizah.hanum_lpw,
14frr,
w.tsani11,
gernio_kurniawan,
viebgr._,
dwipa_denis,
lvnzein,
ryannn_adii,
hafbaar,
cupakadiwa,
tito_fadjarrr,
gevansamahari,
putra.sembiring.73700,
anna_rasyabilla,
cukawikachuu,
ebit08,
my_jusalvokad11,
lana.ohlanaa,
tongki.suryadi,
bayu_aji_dwiputra,
saran_masukan,12.0
rzzzaaaaaa___,
f.l.y_mensstore,
dwii_setyawan_,69.0
muhammad_noah_elsafik,69.0
bankbonk_,
edzeki,
4l3x42022,
yoem_,
lawak07_,
nanawahyudin145,
apanjimny04,
jody_setiawannnnn,
yogaadittt,
edday_eddoy,
gidionsinambela_,
ayas_andalusia,
pak_apra,
kz_agn,
chupenkbaonk,
djendral_af,
rudiisinambela,
erickmzakianggara,
bu1784ll,
ardhrpd,
baba.noer,
den_wijaya13,
va.va.1417,
he_ru_bin_ka_har,
dianmarihot,
iimampermana,
riowahyuda58,2.0
marxuex1497,
amandamauren__,
dezi.dm,
leo_yulyan,
srl.xlmm,
rfkyindra_w,
wirdasary,
mikaido13,
wh1terien,
iqbalmhardka,
ahyarr777777777,
gilanganggarestu.s,
dpakpahan78,
defretes75,
hezron.eccong,
adeharry88,
fxndrly_,
fxxkyeahrye,
sofyanggy,
satriaaawan,
andri_nender,
sgtfirmansyh,
kalmaputraaa,
dinarislina,
arismunandar_gultom23,
afif.afriyan_94,
irwanto.ito,
cungteddy,
firmanyogaa,
thekonoha_,
aes.rifki,
pyanpts,
mdarizall,
chochococholatos,
arifam__,
rudin.usman,
anguttanujaya,
ftronns,
andrehsnd,
alfarisalman67,
reifaru,
_bryanni_,
simon.santoso.77985,
witexleyona,
ramli_rml,
ryannn_hidayattt,
rnkurniasari,
galihaw_,
elminkarya,
nic_eben,
yuliani_intan,
lestialfatih,
yogi_wardian,
aiinur_,
tomiriadi55,
wanridwan.94,
riski_a305,
ridpranata,
zenniscute87,
arzakevni,
andiprrtama,
nosutris2304,
dhani.sjofjan,
putra_community,
nicejokesbuddy,
dede_astanto,
olelia90,
wahyudi02061,
adammaul15,
ekoade_s,
barsec.original,
ridhogalehprayoga,
tri_bowoo,
reinorind_13,
dikiheryant0,
dhodyspn_,
el_wildann,
kangslmt.008,
amarhanafi_,
antongumay28,
otousandeora04,
evamunah,
cucu_datuakbatuah,
erikbalya,
idrus_ubaidy,
ismail.nug,
wiee_aryani,
eka_wardita,
zeezeeid_gresik,
ald_666,
paizhsssssni,
fwz.rfi12,
amoy_bungsu,
didikkurniawan4395,
yisepk,
pejuangmimpi_19,
mordtreed,
balz,
stwt1714,
daniatmajas,
sabillahrosad__,
ukmindo.id,2.0
alghanieey,
rezkymail,
dedynr_18,
g_frenstian,
ieu_dikaaa,
wahitmohammad,
windialora,
yunitasr1017_,
rizki_mkh,
rafachaniago,
barkaskaltim_,
dellasosialistrya,
sovyan.sw,
andiippank422,5.0
hzlry_,
adji_anjani,
tunggul_ciptadi,
muhammadnazori,
aby_abymanyu,
satria.r,
asik234_5,
mirfansyah171,
tampan090625,
chori_endjr,
death_trashmetal,
violaadjani,
ramudisdepari,
anugrahmuhamaddamar_13,
theendoe,
amrii2.1,
noldymesakh,
ilham.mlynaaa,
mh.rzwan_,
rezkiucup,
chineselovematures,15.0
agus_punyo,5.0
adv_oibramsyah,
dkrvye,
dzkrilhmakbr,
ramdani_saputra86,
mcdamar1,
westborneo1,
dikamaenika09,
abizuliansyah,
yayusjayusman_,
dwiokifaisal,
rakariizky,
ardiansyahn890,
shndxxz,
awanguntara,
y4nu4r_,
iamrizkyfajri,
javalanders,
reddy_prd,
abadilanggeng2,
wahyucle,
opak_036,
yudi019859,
kangengemuk,
itzzzova,
diahayumardiani1309,
yusti_aristarina,
dlawrs,
im.reesst,
abcdefgilangt,
harfans_de,
winda_lestarieee,
frischkabayakku,
royngrho_,
parama_admaja,
anggiiiiiiiiii95,
nurrizkifbd,
mhmmdhakim15,
indrasmith_ghynting012,
hery_m81,
juple_05,
rohmannwf_,
prahonggo3,
soxlamnicleboy,
scp.097,
shodiqtp_,
pray_aris,
okta.rickyy,
axer_0412,
alv3nt,
itsme.atag,
izai.sajaaa,
robbykurniambe,
mirahcamplie,
faizalfajrii,
alkatiriachmad,
mariah_alfath,
randi_tiawan,
feryyyyyy____,
iamirwansyahh,
susanto_moch,
haekal_m_a,
rifatsalampe_,
wan.dee_said,
reza.mputra27,
ahmdcapricorn,
johnwisdom4510,
heri.apriana,
arief.mukta,
jokotingkor_06,
aam.rhmn,
ebengmoon17,
kaem97_,
yuandaranis,
haimits_04,
komarnez_,
dlays.salon,
revan_frozzy89,
novuz_tralala,
gibenktorres,
gepenk_end,
zmnadyaz,
yusuffendy5,
f.a.wach,
jayadi6873,
al_usban11,
amllia_upl,
asep.suparman18,
deman.riyanto,
fikrul0822,
al_faruq1978,
sitii_nurbayyaa,
gnwnave,
si_satria_,
queen_qheyla,
ya.napy,
mila.kristanto,
chevy_rahman,
imanhamdani5,
adiemobs,
dimsutama_,
aqiesoak,
aplanaro,
ronaldus_batistuta,
dudutwalim,
mms_kkymm,
dadangref,
rachmaiv_____,
iqonian15_,
armn_asp,
asep_gungun,
bagwanddgoreng,
apriliadi890,
eryansyah21,
afrizaladjis,
wwn.gnwnn,
udin_baron97,
bagus_constantine,
read_one_2914,
syarifahaisyahallatas88,
siswomiharjo.amaludin,
hyoko14,
ele_elsan,
notekative,
indonesianplant.id,
witajuwita28,
mripat_abang,
buddorem,
si_fajarsidik,
n.andriansyah,
yzzeey_,
_giegie__,
helmyeryadha,
redza_jaun,
mohamad.rizky31,
masheinzs,
muhammad_saepurohman,
_umayy,
sibukanbuzzer,
ridwan.hqs,
hrjoharii,
aryo_aji_w,
bagussett,
ilhamfauzi924,
bolopusat.01,
fajar16799,
thomsminibarn,
topisnapbackcostom,
parman_kibum,
fardan1534,
battlingstock,
why_rh,
adi808pradana,
rn_chute,
enough_evryone,
lutfy_unkl347,
velzy_,
so_neo888,
roberto_akbar_valentino,
bayuwijaksono_,
xxnwahyu,
lutungsan,
alphabett_97,
_razbi,
iwan_jenggot03,
unggeh_fighter,
allanfilly,
riantozandir,
klmrofa,
ghisk_prtmt,
bobby_romeo_,
capt_hans21,
bedoel_rendra,
xwenlifnd,
roromamayu,
yogieyy,
tomsuryapanji,5.0
marcelinoapi,
egiiiinn,12.0
ypaaannn,
pembunuh_cinta_99,
_alwialkasah,
mr.allescio,
hafifi_syrf,
gilankardhila,
aldiaztaruna,
eggy_shegy,
salamin_001,
_sajakhati.id,
feizal69r,
papa_chikay,
chaqiqi.mnc4,
aliiid.ab,
romialfians,
andrianto_budiman,
rafif_raza,
muhammad_guntur212,
agoes_crypton,
_vennk,
caukiakbar_,
b_lcjcjciv,
syhragil_aq,
luxury_mewah,
syaifullah_1981,
novyta.raja,
enonirmalasyh,
bucinah0308,
meetayuan,
galih_yudhi_,
arifbd_,
rumadi379,
fadli_mfr,
budihermawantoo,
ucuy.sf,
ivha_mohandani,
bintanguwais21,
faizaru_kun,
julax_fayit,
edi_sambodo,
jt.wahyudi,
donny_98_,
yoggyyeni,12.0
rikofurkan,
fais.issss,
haniksaptorini,
adj_79_,
denexel,
indragunawansinaga.3gp,
titinpujiyanti99,
jiraa_18,
gus_slo,
yunii_thaa15,
jerimrbig,
junandiresan,
vinzen.id,
zaq_putra,
nvx07,
faky391,
riananas016,
iphoedy,
roy.wae,
bayuajiduds,
djanuarrrrrr,
willymoerdn,
andre_anw,
irwinsantoso,
achmad_yani45,
reskiramadhan12,
edis_setiyawan,
putraandika4598,
yosefina_indrayani,
ajii_chriswanto,
dy_na934,
bakotkiki,
ibnu_hajarr99,
denikedelapan,
kevlinjhon.ma,
alfan__nugraha,
rutz_onandio,
shevani_birgita,
vicarenenda_salon_makeup,
stevanisss,
simatupang.mr,
bang_tores999,
nabilla_nazma,
hisyam.l.dani,
smarcusanthony,
a.gifari69,
zainurrifky,
mayaangelgd,
ikbar_muchtar,12.0
tsy_mcxix,
imahendra2,
hf.ran_,
ahmad1232562,
violajulietta_,
qayoqayoqayo,
wahhyuadhiii,
rully_depp,
rifky_sakka,
baguszayn,
dfey77,
medsos1999,
3521.filliw_,
xreal_2202,13.0
noer_1680,
mrs_susinisharin,13.0
ujangsulaimann,78.0
ucu3024,78.0
_negggaaaaaaa_,78.0
dirisendirri,79.0
nur23indah,
arshenio025,
setiawan26789,79.0
bagusfirmansyahputra,80.0
nickonino,
gusstrav,
aryosamuelhartanto,80.0
andihidayat92,
bayuhastomo111,81.0
geo.kyboobs,81.0
lgaa_99,
_hastyo1996_,
unch.per.se,
dedi_bydindo,81.0
kot4kkayu,
johanlc,
harissuryajaya,
eko.wawan.311,
heyjoykuy,
diapasko,
mohikhsani,
ibnu__katsir,
jamilahsegeir,
riyadi.rizki.supardi,
vin_tjoa,82.0
bono_0170,82.0
ar.io793,
dinan5871,
mister.zaldi,
panduadiputrawijaya,79.0
riyanto313,
andrejatmiko,
bemy_perfectlife,
king.faisalakbar,
moses171094,
hy.yelloww,
donnyo1105,2.0
rianalfandiarnanda,
hayyun17,
masa_umum,80.0
sooxxan__,
markuda_reborn,
iandarwis,
randydave_,
arurenaren,
barephotoshoot,
downhill_jaksquad,14.0
maria_quyya,14.0
hobibelanja35,
nini.indah,
fbradzkdyraaa,
sandyrizqyy,
lamakemala1,
rofikhdy_,
batosai890,
alienjack2025,
talithaagnes20,
agungkurniawan481,
dr.andreas_situngkir,
mersendo.lordio,
asannopik199,
reymonall,
irkham.mustafa,
andiiprt,15.0
sri_suryaningsih88,
ethrchnaa,
latheris33,
wied_2702,
bangmukandi,
rudi.gaol,15.0
bsxxvn,83.0
andrewwahyono,83.0
andijerni,2.0
milham141,
derry_pm05,84.0
rianardiansyah21,84.0
tassimport_bandungtoko,
riesbiyant3van,
1090mhz___,
thio.jasa,
edybintanginterio,
ardina_rasha_,
zlfdln,
lachi_mamatua,
atiekkurniaa,
arrnii_tii,
he_you_don,
indrokaloko,
febrianrhmdni,
a5hfd,
suciasaririzki,
danyagmar_s,
adoraribka,
franklyn_jaguard,
hisyamhalimi,
maysyafa17,
chilmyleg,
yunuzrismawan,
rahmathidayah_12,5.0
pradiptayogaa,
fiqriiz,85.0
rama_vj_,85.0
hasan_abqary,
thehans_76,
fahrulrozi9981,
rizzaall05,
aurelia_dd,
luck.irawan,
baransaldi6,
uchikoshka,
h.ruzbihanbaqliee_,
milla_food_and_fashion,
kumis_lembut,86.0
mel.dharmawan,86.0
theedenzero,
rafik_smart,87.0
enmyyoshi,87.0
yusuf_iyuzz,
luxman1920,
galihparamandana,
barlicing,
ardipantiarso,
antozahly,
noblesilalahi,
anang_maulanakh,
irpanrof,
ekysetiawan.id,
mukaromah8503,
abhedesalam,
arvays__,
helooriaaa,
firmannsptra,
marselinop13,
dimaswongapik123,
rizky.pratama881,
yuliafreya,
soxatiem,
nawaraja99,5.0
iluschio,
nengsih_herman,
_____imf9,
michael378_,
fzy.ahmad,
gilang_bayureksa,
236_ricky,
dedisetiawan4141,
hermawanardhy,
visitfjaerland,
mgg73580,
pashaputraa_,
netfllixx_murah,
dhanydhela,
tkkslogisticsandtrucking,
umi_smiyati,
jehanrizal,
arsyah_007,
romie.88,
djzqq,
donny_arikanami,
alfarghan7,
ronaldardiles,
mjasra123,
indrailhamriadi,
icalajiprtm,
pakristyan,
non.ame4323,
sriantimlki,
dewapartika88,
cheekycika,
mahadi_arief,
elaineellaedreena,
radianarrfs,
ganihgandoel,
iyallmuhamad_,
yenibungzu,
anifly,
sugihmuktiwibawa,
von_brigitte,
dont_circle,
hat3ttepees,
rifki_milham,
yogatamawk,
m.riza.07,
eyhiiaksel,
usmansiringo,
mbah26_,
mirah.karmila,
rudy_geblek,
_fajarsaputra__,
anggiasuzana,
batararanggayuda,
fitrianjalni_,
alleyoop23,
chaosassister,
minnavinailham,
nila318,
jayabaya613,
si_boo,
indrahrja,
niamasrokhi,
abduldefriyusuf,
gendistawa99,
freddyjuan27,
nita_fadia,
s_alfaris.i,
syfdn05_,
radit.kums,
azzy_09,
drak.sistem07,
widjaya1204,
jak_bayu90,
sholikinlikin291,
krnwaan__,2.0
tbend79,
dduudduung,
zaimulam,
ondel98,
hadiibnushofwan,
alfiandarmawann,
andkmhrms,
aditmadrid87,
zahmadmuzaki,
marllinaekaa,
asma_hsna13,26.0
ftimtuzhda,
sadlysimanjuntak,
fakhrudin5240,
akmalhandoyo10,
ct_pamkz,
be_kind_with_ratu,
bayu2210_,
gedong_samar,
bryantfmusic,
ori__anshori,
anggitooh,
feebee4098,
afendi_ajhon,
delly.lesmanaa,
ayanisa_adequate,
yulianhasjmy,
kikydee_,
dekponk_bhirawayudha,
nadyaratna24,
mctfq,
ohhayo.flora,
ev.lukito,
_zkrry,
herul_tikimakassar,
alaulia_firdaus,
dhianmalik51,
pagarajiwanaufal,
yanto.ferry,
pajenkerz,
tribrata_r,
law_roes,
nyonyameta31,
raihan_jp,
wahyoe__77,
gastiadi_,
evan.g10,12.0
irwantos.sos,
sneakspace07,
irwanrosdiman,
miraedhira,
eed_1899,
mchlchrsynt,
herychrist789,
guppy_mth,
yunfitfit11,
_dmar88,
iinsoetedjo,
faizal_fzly,
penuhrasasabar_,
drakorindo_wisdom,
maulsss12,
ardiansyahsultan1983,
dewi_pebrilia,
zailitalita,
hanii.imut,
omon.omon1,
wdzig02,
herry_setiawan44,
ahmat_rojalih,
anzello_woda_04,
deetama_s_s,
antasena_2244,
netty_fariz,
mr_saputro06,
madiku,
rusdah_ima,
viechristy2408,
rokhim.saiful,
lenneth_valy,
adammauludin,
isanmalau,
park_dae_ki,
daamiinn_,
kodok_kelelep,
indradavid86,
lthfi93,
sinyodicky,
ahmdramdhani96,
m03n88,
reny_novalina,
_authop_hile_,
fitra.arifin02,
damhcar.aja,
whoisgaling,
wahidatun345,
rama_berbatov,
maya_emil,
salis_ali,
darso7431,
ahfasina,
oktazikriani,
raga_iyan88,
enjie_magadika11,
diniwiraswan99,
lukm4n_3r,
123remove_,
yuwitatindage,
ra.tih.ku.su.ma.war.dha.ni,
scheva_arka,
husinsybly,
okto_1933,
ikingaziz,
hasibuansyawil,
bayyzl_,
yuniarika14,
wendaaditya1,
drumer_gimik,
bang_amad1901,
nisaa.norma,
altha3090,
_7ohn_8989,
lizalisalisza87,
blee99_,
tuti_tria_senja88,
vinatalia85,
indha_ridwan,
cloudssmile__,
ayuchanaimee,
reni.widyaa,
royki_23,
giraffe.700827,
irfanrepay,
comandante_kennel,
kejjucedar,
singgih.s,
josephsilitonga_,
mbakni76,
dian_anjani89,20.0
sucisariah,
adam_pratamaaa01,
sholehaheha,
ncrutkuylah,
anggieardhiian,
endi_noviantoro,
ayuveronicatoyotasurabaya,
captainproject,
ipal023,
affandyabdul,
ucup_spies,
fadhilkw,
sfitree02,
__myogapratama,
ekoprasetyo200791,
arsyadwiyanto,
kesempatantaubat,21.0
khairulhamid28,21.0
faldi077,
agungrayaa,
abdulrachman92_,
nenesssss_________,
andre_faishal,
mr_igons,
harlielie,
just_ferdyant,
hermawan.inst,
andidirgah_,
ayu.widi.a,
ronikeeprockin,12.0
chachanisya,
cloud._andblue,
co_tebe,
mellysabrinaz,
yustitiaasmi,
rifkaje,
ken_arok.singasari1222,
misterlaxs,
carissaaiss,
haiozzan_552,
music_atin,
fandymoehamad,
sukabumimediautama,15.0
raraemarillaa,
wildandjody,
hongkarwai,
hipokrit_munak,
erichsembiring,
gilangrzky_,
indr4kur,
ghrsty,
yafethchristian,
bang_qwoy,
rahelaael,
plst.ne1,
makemak467,
joga_sugiono,
mangsianturi08,
ar_jersey.anas07,
izamaranief,2.0
kukuhsatri,
wiratmadnata,
diiitthh_,
aidil_damanik,
syfanamira,
giannyannn,
intan_rs_,
yudistira23,
openingsoon10,
ramlansilalahi,
halahhalah07,
ettimilasari,
20_030489,
nababan.abidin,
ace_rich20,
andy_aszafran,
dionnofx,
dzikriabdurrahman,
papa_sofwan,
bangkitpropertimalangbatu,
bow21wow,
febritonga9,
ninozz,
ferhatmedina.s,
bro_rohman,
anggidwi7,
ekaozil28,
onyoookkk_,
sihabricky,
c.rijal_19,
useemee29,
dvralftv,
pend1ale,
abdillahfatah_,
da_deeeeee,
yuli_fitrianto,
viaarna,
anjerisma,
autocare_surabaya,
ketutjuniarthas.m,
605adm,
jonshon.hutapea,
buburayamamplaz,
srque.ig,
aminzayus82,
sangkuni0909,
jesiematupang,
pinjem_duluseratus_,
johnnab18,
axell.alfrq,
bendolvino,
ap230392,
mandaaponsel,
lilyandrianty,
agungmaulana2278,
aryabmo2025,
lukman_mau17,
ryan_instg,
ibrakadabra542,
san_ismail,
romlih_sagon,
vny.gc,
bastianreza407,
priatna.ahmad,
erlangga526,
irwancr72,
d_priyono87,
lambangsaputra99,
david_abriel_tedjo,
adamnaufal96,
otnay_83,
nda_ramadhaan,
heryniesta,
danychuuy2,
kaang_salman,
dumbo_mypardalis,
hilmyzahryy,
j__nsen,
i.amprayuda_bian,
derikssa,
taufik_utsmanpiliang,
novie6911,
om_kurir_indonesia,
boyjalewo,
miftahurrzq,
tengkuhr,
special_king2007,
fatinelhaq,
fb15.04,
ilyastiyas11722,
nasimaduramaknyaman,
piguraan23,
mt_kesuma,
fmen90,
sm_saams,
j__bagas,
eviyuliantii,
yhudist__,
li5nalie,
madeindrasergio9,
ddesfree,
piatpait,
nur_rokhim06,
muksaall96,
sahabatsafiq,
bee_elbeelawy,
_a.aa.n,12.0
kopenky,
novilia2808,
devonvon1516,
gudangkebon,
husniamrey,
mihaucaucau,
itslilianalee,
shuttercameras,
syhlakhnnsa,
chaeryadawia,
hadisukardiwan,
arnee26_,
choirexpress.blitar,
jhnnschrss_,
doniyulian91,
iwasanjaya06,
fhrryyyyy,
dikkasaputra,
arwan_jp22,
nurul.aryanis,
nunu97097,
john_sg772018,
susanto.ibrahim.9,
ekatoyo666,
marcbellardi,
triputra10,
wheelingacademy,
gilang.laksanaa,
dahlia.sihombing1,
nanang.didi,
thrumyeyesmbenz,
sams.udin9078,
pickyfads,
rinoputra8440,
yulia_yullss,
